{
	"documentTitle": "HTML/RGB Colors",
	"pageUrl": "https://archiv.gedit.net/dl/gedit.net/static/services/html_colors.html",
	"issues": [
		{
			"context": "<html lang=\"en\"><head>\n    <meta http-equiv=\"Con...</html>",
			"selector": "",
			"code": "landmark-one-main",
			"type": "error",
			"typeCode": 1,
			"message": "Document should have one main landmark",
			"runner": "axe",
			"runnerExtras": {
				"description": "Ensures the document has a main landmark",
				"impact": "moderate",
				"helpUrl": "https://dequeuniversity.com/rules/axe/4.6/landmark-one-main?application=axeAPI"
			},
			"recurrence": 0
		},
		{
			"context": "<div id=\"header\">\n      <ul>\n        <li><strong>...</div>",
			"selector": "#header",
			"code": "region",
			"type": "error",
			"typeCode": 1,
			"message": "All page content should be contained by landmarks",
			"runner": "axe",
			"runnerExtras": {
				"description": "Ensures all page content is contained by landmarks",
				"impact": "moderate",
				"helpUrl": "https://dequeuniversity.com/rules/axe/4.6/region?application=axeAPI"
			},
			"recurrence": 0
		},
		{
			"context": "<div id=\"content\">\n      <h1>Colors of HTML</h1>\n ...</div>",
			"selector": "#content",
			"code": "region",
			"type": "error",
			"typeCode": 1,
			"message": "All page content should be contained by landmarks",
			"runner": "axe",
			"runnerExtras": {
				"description": "Ensures all page content is contained by landmarks",
				"impact": "moderate",
				"helpUrl": "https://dequeuniversity.com/rules/axe/4.6/region?application=axeAPI"
			},
			"recurrence": 0
		},
		{
			"context": "<div id=\"footer\">\n      <em>(Javascript required ...</div>",
			"selector": "#footer",
			"code": "region",
			"type": "error",
			"typeCode": 1,
			"message": "All page content should be contained by landmarks",
			"runner": "axe",
			"runnerExtras": {
				"description": "Ensures all page content is contained by landmarks",
				"impact": "moderate",
				"helpUrl": "https://dequeuniversity.com/rules/axe/4.6/region?application=axeAPI"
			},
			"recurrence": 0
		},
		{
			"context": "<table id=\"colorlist\">\n        <tbody><tr>\n          <...</table>",
			"selector": "#colorlist",
			"code": "WCAG2AA.Principle1.Guideline1_3.1_3_1.H73.3.NoSummary",
			"type": "warning",
			"typeCode": 2,
			"message": "If this table is a data table, consider using the summary attribute of the table element to give an overview of this table.",
			"runner": "htmlcs",
			"recurrence": 0
		},
		{
			"context": "<table id=\"colorlist\">\n        <tbody><tr>\n          <...</table>",
			"selector": "#colorlist",
			"code": "WCAG2AA.Principle1.Guideline1_3.1_3_1.H39.3.NoCaption",
			"type": "warning",
			"typeCode": 2,
			"message": "If this table is a data table, consider using a caption element to the table element to identify this table.",
			"runner": "htmlcs",
			"recurrence": 0
		},
		{
			"context": "<div id=\"header\">\n      <ul>\n        <li><strong>...</div>",
			"selector": "#header",
			"code": "WCAG2AA.Principle1.Guideline1_4.1_4_10.C32,C31,C33,C38,SCR34,G206",
			"type": "warning",
			"typeCode": 2,
			"message": "This element has \"position: fixed\". This may require scrolling in two dimensions, which is considered a failure of this Success Criterion.",
			"runner": "htmlcs",
			"recurrence": 0
		}
	],
	"meta": {
		"errorCount": 4,
		"warningCount": 3,
		"noticeCount": 0,
		"accessScore": 100
	},
	"automateable": {
		"missingAltIndexs": []
	}
}
