{
	"documentTitle": "Helvetica by gedit.net",
	"pageUrl": "https://archiv.gedit.net/dl/gedit.net/static/templates/helvetica/v0.1/html/index.html",
	"issues": [
		{
			"context": "<html dir=\"ltr\" lang=\"en\" class=\" jsshow\"><head>\n    <meta http-equiv=\"con...</html>",
			"selector": "",
			"code": "landmark-one-main",
			"type": "error",
			"typeCode": 1,
			"message": "Document should have one main landmark",
			"runner": "axe",
			"runnerExtras": {
				"description": "Ensures the document has a main landmark",
				"impact": "moderate",
				"helpUrl": "https://dequeuniversity.com/rules/axe/4.6/landmark-one-main?application=axeAPI"
			},
			"recurrence": 0
		},
		{
			"context": "<div class=\"header\">\n          <h1>Helvetica</h1>\n  ...</div>",
			"selector": "#article>:nth-child(1)>:nth-child(1)",
			"code": "region",
			"type": "error",
			"typeCode": 1,
			"message": "All page content should be contained by landmarks",
			"runner": "axe",
			"runnerExtras": {
				"description": "Ensures all page content is contained by landmarks",
				"impact": "moderate",
				"helpUrl": "https://dequeuniversity.com/rules/axe/4.6/region?application=axeAPI"
			},
			"recurrence": 0
		},
		{
			"context": "<ul>\n            <li><a href=\"#index...</ul>",
			"selector": "#article>:nth-child(1)>:nth-child(2)>:nth-child(1)",
			"code": "region",
			"type": "error",
			"typeCode": 1,
			"message": "All page content should be contained by landmarks",
			"runner": "axe",
			"runnerExtras": {
				"description": "Ensures all page content is contained by landmarks",
				"impact": "moderate",
				"helpUrl": "https://dequeuniversity.com/rules/axe/4.6/region?application=axeAPI"
			},
			"recurrence": 0
		},
		{
			"context": "<div class=\"section col\" id=\"contact\">\n          <h2>\n            <a h...</div>",
			"selector": "#contact",
			"code": "region",
			"type": "error",
			"typeCode": 1,
			"message": "All page content should be contained by landmarks",
			"runner": "axe",
			"runnerExtras": {
				"description": "Ensures all page content is contained by landmarks",
				"impact": "moderate",
				"helpUrl": "https://dequeuniversity.com/rules/axe/4.6/region?application=axeAPI"
			},
			"recurrence": 0
		},
		{
			"context": "<div class=\"footer\">\n        <p><strong>Helvetica</s...</div>",
			"selector": "#article>:nth-child(5)",
			"code": "region",
			"type": "error",
			"typeCode": 1,
			"message": "All page content should be contained by landmarks",
			"runner": "axe",
			"runnerExtras": {
				"description": "Ensures all page content is contained by landmarks",
				"impact": "moderate",
				"helpUrl": "https://dequeuniversity.com/rules/axe/4.6/region?application=axeAPI"
			},
			"recurrence": 0
		},
		{
			"context": "<p class=\"nav jshide\">\n            <a href=\"#about\" on...</p>",
			"selector": "#about>:nth-child(2)",
			"code": "WCAG2AA.Principle1.Guideline1_3.1_3_1.H48",
			"type": "warning",
			"typeCode": 2,
			"message": "If this element contains a navigation section, it is recommended that it be marked up as a list.",
			"runner": "htmlcs",
			"recurrence": 0
		},
		{
			"context": "<div class=\"nav\" id=\"top\">\n      <a href=\"#content\" title=...</div>",
			"selector": "#top",
			"code": "WCAG2AA.Principle1.Guideline1_3.1_3_1.H48",
			"type": "warning",
			"typeCode": 2,
			"message": "If this element contains a navigation section, it is recommended that it be marked up as a list.",
			"runner": "htmlcs",
			"recurrence": 0
		},
		{
			"context": "<h1>Helvetica</h1>",
			"selector": "#article>:nth-child(1)>:nth-child(1)>:nth-child(1)",
			"code": "color-contrast",
			"type": "warning",
			"typeCode": 2,
			"message": "Elements must have sufficient color contrast",
			"runner": "axe",
			"runnerExtras": {
				"description": "Ensures the contrast between foreground and background colors meets WCAG 2 AA contrast ratio thresholds",
				"impact": "serious",
				"helpUrl": "https://dequeuniversity.com/rules/axe/4.6/color-contrast?application=axeAPI"
			},
			"recurrence": 0
		},
		{
			"context": "<strong>Helvetica</strong>",
			"selector": "#article>:nth-child(5)>:nth-child(1)>:nth-child(1)",
			"code": "color-contrast",
			"type": "warning",
			"typeCode": 2,
			"message": "Elements must have sufficient color contrast",
			"runner": "axe",
			"runnerExtras": {
				"description": "Ensures the contrast between foreground and background colors meets WCAG 2 AA contrast ratio thresholds",
				"impact": "serious",
				"helpUrl": "https://dequeuniversity.com/rules/axe/4.6/color-contrast?application=axeAPI"
			},
			"recurrence": 0
		}
	],
	"meta": {
		"errorCount": 5,
		"warningCount": 4,
		"noticeCount": 0,
		"accessScore": 80
	},
	"automateable": {
		"missingAltIndexs": []
	}
}
