{
	"documentTitle": "Variables CSS-Layout mit verschiedenen Spaltenfarben | Technik mit Hintergrundfarbe",
	"pageUrl": "https://archiv.gedit.net/dl/gedit.net/static/artikel/VCSSLmvS-Hintergrundfarbe.html",
	"issues": [
		{
			"context": "<p>\n          Lorem ipsum dolor sit...</p>",
			"selector": "#content-left>:nth-child(1)",
			"code": "WCAG2AA.Principle1.Guideline1_4.1_4_3.G18.Fail",
			"type": "error",
			"typeCode": 1,
			"message": "This element has insufficient contrast at this conformance level. Expected a contrast ratio of at least 4.5:1, but text in this element has a contrast ratio of 3.19:1. Recommendation:  change background to #b25b53.",
			"runner": "htmlcs",
			"recurrence": 0
		},
		{
			"context": "<p class=\"description\">\n          Das\n          <a href...</p>",
			"selector": "#content-right>:nth-child(1)",
			"code": "WCAG2AA.Principle1.Guideline1_4.1_4_3.G18.Fail",
			"type": "error",
			"typeCode": 1,
			"message": "This element has insufficient contrast at this conformance level. Expected a contrast ratio of at least 4.5:1, but text in this element has a contrast ratio of 4.21:1. Recommendation:  change background to #6370b5.",
			"runner": "htmlcs",
			"recurrence": 0
		},
		{
			"context": "<p class=\"description\">\n          <a href=\"VCSSLmvS-Hin...</p>",
			"selector": "#content-right>:nth-child(2)",
			"code": "WCAG2AA.Principle1.Guideline1_4.1_4_3.G18.Fail",
			"type": "error",
			"typeCode": 1,
			"message": "This element has insufficient contrast at this conformance level. Expected a contrast ratio of at least 4.5:1, but text in this element has a contrast ratio of 4.21:1. Recommendation:  change background to #6370b5.",
			"runner": "htmlcs",
			"recurrence": 0
		},
		{
			"context": "<p>\n          Lorem ipsum dolor sit...</p>",
			"selector": "#content-right>:nth-child(3)",
			"code": "WCAG2AA.Principle1.Guideline1_4.1_4_3.G18.Fail",
			"type": "error",
			"typeCode": 1,
			"message": "This element has insufficient contrast at this conformance level. Expected a contrast ratio of at least 4.5:1, but text in this element has a contrast ratio of 4.21:1. Recommendation:  change background to #6370b5.",
			"runner": "htmlcs",
			"recurrence": 0
		},
		{
			"context": "<a href=\"VCSSLmvS-Hintergrundfarbe.html#\" onclick=\"document.body.style.fontSize='1em'\" title=\"Schriftgröße ändern in: 100%\">100%</a>",
			"selector": "#head>:nth-child(6)>:nth-child(1)>:nth-child(1)",
			"code": "WCAG2AA.Principle1.Guideline1_4.1_4_3.G18.Fail",
			"type": "error",
			"typeCode": 1,
			"message": "This element has insufficient contrast at this conformance level. Expected a contrast ratio of at least 4.5:1, but text in this element has a contrast ratio of 1.6:1. Recommendation:  change text colour to #677f05.",
			"runner": "htmlcs",
			"recurrence": 0
		},
		{
			"context": "<a href=\"VCSSLmvS-Hintergrundfarbe.html#\" onclick=\"document.body.style.fontSize='1.25em'\" title=\"Schriftgröße ändern in: 125%\">125%</a>",
			"selector": "#head>:nth-child(6)>:nth-child(2)>:nth-child(1)",
			"code": "WCAG2AA.Principle1.Guideline1_4.1_4_3.G18.Fail",
			"type": "error",
			"typeCode": 1,
			"message": "This element has insufficient contrast at this conformance level. Expected a contrast ratio of at least 4.5:1, but text in this element has a contrast ratio of 1.6:1. Recommendation:  change text colour to #677f05.",
			"runner": "htmlcs",
			"recurrence": 0
		},
		{
			"context": "<a href=\"VCSSLmvS-Hintergrundfarbe.html#\" onclick=\"document.body.style.fontSize='1.5em'\" title=\"Schriftgröße ändern in: 150%\">150%</a>",
			"selector": "#head>:nth-child(6)>:nth-child(3)>:nth-child(1)",
			"code": "WCAG2AA.Principle1.Guideline1_4.1_4_3.G145.Fail",
			"type": "error",
			"typeCode": 1,
			"message": "This element has insufficient contrast at this conformance level. Expected a contrast ratio of at least 3:1, but text in this element has a contrast ratio of 1.6:1. Recommendation:  change text colour to #869e24.",
			"runner": "htmlcs",
			"recurrence": 0
		},
		{
			"context": "<a href=\"VCSSLmvS-Hintergrundfarbe.html#\" onclick=\"document.body.style.fontSize='1.75em'\" title=\"Schriftgröße ändern in: 175%\">175%</a>",
			"selector": "#head>:nth-child(6)>:nth-child(4)>:nth-child(1)",
			"code": "WCAG2AA.Principle1.Guideline1_4.1_4_3.G145.Fail",
			"type": "error",
			"typeCode": 1,
			"message": "This element has insufficient contrast at this conformance level. Expected a contrast ratio of at least 3:1, but text in this element has a contrast ratio of 1.6:1. Recommendation:  change text colour to #869e24.",
			"runner": "htmlcs",
			"recurrence": 0
		},
		{
			"context": "<a href=\"VCSSLmvS-Hintergrundfarbe.html#\" onclick=\"document.body.style.fontSize='2em'\" title=\"Schriftgröße ändern in: 200%\">200%</a>",
			"selector": "#head>:nth-child(6)>:nth-child(5)>:nth-child(1)",
			"code": "WCAG2AA.Principle1.Guideline1_4.1_4_3.G145.Fail",
			"type": "error",
			"typeCode": 1,
			"message": "This element has insufficient contrast at this conformance level. Expected a contrast ratio of at least 3:1, but text in this element has a contrast ratio of 1.6:1. Recommendation:  change text colour to #869e24.",
			"runner": "htmlcs",
			"recurrence": 0
		},
		{
			"context": "<a name=\"mehr\" href=\"VCSSLmvS-Hintergrundfarbe.html#weniger\" onclick=\"document.getElementById('hide').style.display='block';\" title=\"Mehr Text\">Mehr Text</a>",
			"selector": "#content-left>:nth-child(2)>:nth-child(1)",
			"code": "WCAG2AA.Principle1.Guideline1_4.1_4_3.G18.Fail",
			"type": "error",
			"typeCode": 1,
			"message": "This element has insufficient contrast at this conformance level. Expected a contrast ratio of at least 4.5:1, but text in this element has a contrast ratio of 3.19:1. Recommendation:  change background to #b25b53.",
			"runner": "htmlcs",
			"recurrence": 0
		},
		{
			"context": "<em>(Javascript-Link)</em>",
			"selector": "#content-left>:nth-child(2)>:nth-child(2)",
			"code": "WCAG2AA.Principle1.Guideline1_4.1_4_3.G18.Fail",
			"type": "error",
			"typeCode": 1,
			"message": "This element has insufficient contrast at this conformance level. Expected a contrast ratio of at least 4.5:1, but text in this element has a contrast ratio of 3.19:1. Recommendation:  change background to #b25b53.",
			"runner": "htmlcs",
			"recurrence": 3
		},
		{
			"context": "<a href=\"VCSSLmvS-Hintergrundfarbe.html#weniger\" onclick=\"document.getElementById('hide').style.display='block';\" title=\"Mehr Text\">Problem</a>",
			"selector": "#content-right>:nth-child(1)>:nth-child(1)",
			"code": "WCAG2AA.Principle1.Guideline1_4.1_4_3.G18.Fail",
			"type": "error",
			"typeCode": 1,
			"message": "This element has insufficient contrast at this conformance level. Expected a contrast ratio of at least 4.5:1, but text in this element has a contrast ratio of 4.21:1. Recommendation:  change background to #6370b5.",
			"runner": "htmlcs",
			"recurrence": 0
		},
		{
			"context": "<a name=\"mehr\" href=\"VCSSLmvS-Hintergrundfarbe.html#weniger\" onclick=\"document.getElementById('hide').style.display='block';\" title=\"Mehr Text\">mehr Text</a>",
			"selector": "#content-right>:nth-child(1)>:nth-child(5)",
			"code": "WCAG2AA.Principle1.Guideline1_4.1_4_3.G18.Fail",
			"type": "error",
			"typeCode": 1,
			"message": "This element has insufficient contrast at this conformance level. Expected a contrast ratio of at least 4.5:1, but text in this element has a contrast ratio of 4.21:1. Recommendation:  change background to #6370b5.",
			"runner": "htmlcs",
			"recurrence": 0
		},
		{
			"context": "<a href=\"VCSSLmvS-Hintergrundfarbe.html#\" onclick=\"document.body.style.fontSize='1.5em'\" title=\"Schriftgröße ändern in: 150%\">Variable Schriftgröße</a>",
			"selector": "#content-right>:nth-child(2)>:nth-child(1)",
			"code": "WCAG2AA.Principle1.Guideline1_4.1_4_3.G18.Fail",
			"type": "error",
			"typeCode": 1,
			"message": "This element has insufficient contrast at this conformance level. Expected a contrast ratio of at least 4.5:1, but text in this element has a contrast ratio of 4.21:1. Recommendation:  change background to #6370b5.",
			"runner": "htmlcs",
			"recurrence": 0
		},
		{
			"context": "<p>\n          Lorem ipsum dolor sit...</p>",
			"selector": "#content-left>:nth-child(1)",
			"code": "color-contrast",
			"type": "error",
			"typeCode": 1,
			"message": "Elements must have sufficient color contrast",
			"runner": "axe",
			"runnerExtras": {
				"description": "Ensures the contrast between foreground and background colors meets WCAG 2 AA contrast ratio thresholds",
				"impact": "serious",
				"helpUrl": "https://dequeuniversity.com/rules/axe/4.6/color-contrast?application=axeAPI"
			},
			"recurrence": 0
		},
		{
			"context": "<a name=\"mehr\" href=\"VCSSLmvS-Hintergrundfarbe.html#weniger\" onclick=\"document.getElementById('hide').style.display='block';\" title=\"Mehr Text\">Mehr Text</a>",
			"selector": "#content-left>:nth-child(2)>:nth-child(1)",
			"code": "color-contrast",
			"type": "error",
			"typeCode": 1,
			"message": "Elements must have sufficient color contrast",
			"runner": "axe",
			"runnerExtras": {
				"description": "Ensures the contrast between foreground and background colors meets WCAG 2 AA contrast ratio thresholds",
				"impact": "serious",
				"helpUrl": "https://dequeuniversity.com/rules/axe/4.6/color-contrast?application=axeAPI"
			},
			"recurrence": 0
		},
		{
			"context": "<em>(Javascript-Link)</em>",
			"selector": "#content-left>:nth-child(2)>:nth-child(2)",
			"code": "color-contrast",
			"type": "error",
			"typeCode": 1,
			"message": "Elements must have sufficient color contrast",
			"runner": "axe",
			"runnerExtras": {
				"description": "Ensures the contrast between foreground and background colors meets WCAG 2 AA contrast ratio thresholds",
				"impact": "serious",
				"helpUrl": "https://dequeuniversity.com/rules/axe/4.6/color-contrast?application=axeAPI"
			},
			"recurrence": 0
		},
		{
			"context": "<p class=\"description\">\n          Das\n          <a href...</p>",
			"selector": "#content-right>:nth-child(1)",
			"code": "color-contrast",
			"type": "error",
			"typeCode": 1,
			"message": "Elements must have sufficient color contrast",
			"runner": "axe",
			"runnerExtras": {
				"description": "Ensures the contrast between foreground and background colors meets WCAG 2 AA contrast ratio thresholds",
				"impact": "serious",
				"helpUrl": "https://dequeuniversity.com/rules/axe/4.6/color-contrast?application=axeAPI"
			},
			"recurrence": 0
		},
		{
			"context": "<a href=\"VCSSLmvS-Hintergrundfarbe.html#weniger\" onclick=\"document.getElementById('hide').style.display='block';\" title=\"Mehr Text\">Problem</a>",
			"selector": "#content-right>:nth-child(1)>:nth-child(1)",
			"code": "color-contrast",
			"type": "error",
			"typeCode": 1,
			"message": "Elements must have sufficient color contrast",
			"runner": "axe",
			"runnerExtras": {
				"description": "Ensures the contrast between foreground and background colors meets WCAG 2 AA contrast ratio thresholds",
				"impact": "serious",
				"helpUrl": "https://dequeuniversity.com/rules/axe/4.6/color-contrast?application=axeAPI"
			},
			"recurrence": 0
		},
		{
			"context": "<em>(Javascript-Link)</em>",
			"selector": "#content-right>:nth-child(1)>:nth-child(2)",
			"code": "color-contrast",
			"type": "error",
			"typeCode": 1,
			"message": "Elements must have sufficient color contrast",
			"runner": "axe",
			"runnerExtras": {
				"description": "Ensures the contrast between foreground and background colors meets WCAG 2 AA contrast ratio thresholds",
				"impact": "serious",
				"helpUrl": "https://dequeuniversity.com/rules/axe/4.6/color-contrast?application=axeAPI"
			},
			"recurrence": 0
		},
		{
			"context": "<a name=\"mehr\" href=\"VCSSLmvS-Hintergrundfarbe.html#weniger\" onclick=\"document.getElementById('hide').style.display='block';\" title=\"Mehr Text\">mehr Text</a>",
			"selector": "#content-right>:nth-child(1)>:nth-child(5)",
			"code": "color-contrast",
			"type": "error",
			"typeCode": 1,
			"message": "Elements must have sufficient color contrast",
			"runner": "axe",
			"runnerExtras": {
				"description": "Ensures the contrast between foreground and background colors meets WCAG 2 AA contrast ratio thresholds",
				"impact": "serious",
				"helpUrl": "https://dequeuniversity.com/rules/axe/4.6/color-contrast?application=axeAPI"
			},
			"recurrence": 0
		},
		{
			"context": "<em>(Javascript-Link)</em>",
			"selector": "#content-right>:nth-child(1)>:nth-child(6)",
			"code": "color-contrast",
			"type": "error",
			"typeCode": 1,
			"message": "Elements must have sufficient color contrast",
			"runner": "axe",
			"runnerExtras": {
				"description": "Ensures the contrast between foreground and background colors meets WCAG 2 AA contrast ratio thresholds",
				"impact": "serious",
				"helpUrl": "https://dequeuniversity.com/rules/axe/4.6/color-contrast?application=axeAPI"
			},
			"recurrence": 0
		},
		{
			"context": "<p class=\"description\">\n          <a href=\"VCSSLmvS-Hin...</p>",
			"selector": "#content-right>:nth-child(2)",
			"code": "color-contrast",
			"type": "error",
			"typeCode": 1,
			"message": "Elements must have sufficient color contrast",
			"runner": "axe",
			"runnerExtras": {
				"description": "Ensures the contrast between foreground and background colors meets WCAG 2 AA contrast ratio thresholds",
				"impact": "serious",
				"helpUrl": "https://dequeuniversity.com/rules/axe/4.6/color-contrast?application=axeAPI"
			},
			"recurrence": 0
		},
		{
			"context": "<a href=\"VCSSLmvS-Hintergrundfarbe.html#\" onclick=\"document.body.style.fontSize='1.5em'\" title=\"Schriftgröße ändern in: 150%\">Variable Schriftgröße</a>",
			"selector": "#content-right>:nth-child(2)>:nth-child(1)",
			"code": "color-contrast",
			"type": "error",
			"typeCode": 1,
			"message": "Elements must have sufficient color contrast",
			"runner": "axe",
			"runnerExtras": {
				"description": "Ensures the contrast between foreground and background colors meets WCAG 2 AA contrast ratio thresholds",
				"impact": "serious",
				"helpUrl": "https://dequeuniversity.com/rules/axe/4.6/color-contrast?application=axeAPI"
			},
			"recurrence": 0
		},
		{
			"context": "<em>(Javascript-Link)</em>",
			"selector": "#content-right>:nth-child(2)>:nth-child(2)",
			"code": "color-contrast",
			"type": "error",
			"typeCode": 1,
			"message": "Elements must have sufficient color contrast",
			"runner": "axe",
			"runnerExtras": {
				"description": "Ensures the contrast between foreground and background colors meets WCAG 2 AA contrast ratio thresholds",
				"impact": "serious",
				"helpUrl": "https://dequeuniversity.com/rules/axe/4.6/color-contrast?application=axeAPI"
			},
			"recurrence": 0
		},
		{
			"context": "<p>\n          Lorem ipsum dolor sit...</p>",
			"selector": "#content-right>:nth-child(3)",
			"code": "color-contrast",
			"type": "error",
			"typeCode": 1,
			"message": "Elements must have sufficient color contrast",
			"runner": "axe",
			"runnerExtras": {
				"description": "Ensures the contrast between foreground and background colors meets WCAG 2 AA contrast ratio thresholds",
				"impact": "serious",
				"helpUrl": "https://dequeuniversity.com/rules/axe/4.6/color-contrast?application=axeAPI"
			},
			"recurrence": 0
		},
		{
			"context": "<html lang=\"de\"><head>\n    <meta http-equiv=\"con...</html>",
			"selector": "",
			"code": "landmark-one-main",
			"type": "error",
			"typeCode": 1,
			"message": "Document should have one main landmark",
			"runner": "axe",
			"runnerExtras": {
				"description": "Ensures the document has a main landmark",
				"impact": "moderate",
				"helpUrl": "https://dequeuniversity.com/rules/axe/4.6/landmark-one-main?application=axeAPI"
			},
			"recurrence": 0
		},
		{
			"context": "<h1>\n        <a name=\"top\" href=\"/dl...</h1>",
			"selector": "#head>:nth-child(1)",
			"code": "region",
			"type": "error",
			"typeCode": 1,
			"message": "All page content should be contained by landmarks",
			"runner": "axe",
			"runnerExtras": {
				"description": "Ensures all page content is contained by landmarks",
				"impact": "moderate",
				"helpUrl": "https://dequeuniversity.com/rules/axe/4.6/region?application=axeAPI"
			},
			"recurrence": 0
		},
		{
			"context": "<h2>Technik mit Hintergrundfarbe</h2>",
			"selector": "#head>:nth-child(2)",
			"code": "region",
			"type": "error",
			"typeCode": 1,
			"message": "All page content should be contained by landmarks",
			"runner": "axe",
			"runnerExtras": {
				"description": "Ensures all page content is contained by landmarks",
				"impact": "moderate",
				"helpUrl": "https://dequeuniversity.com/rules/axe/4.6/region?application=axeAPI"
			},
			"recurrence": 0
		},
		{
			"context": "<h3>Schriftgröße ändern in:</h3>",
			"selector": "#head>:nth-child(3)",
			"code": "region",
			"type": "error",
			"typeCode": 1,
			"message": "All page content should be contained by landmarks",
			"runner": "axe",
			"runnerExtras": {
				"description": "Ensures all page content is contained by landmarks",
				"impact": "moderate",
				"helpUrl": "https://dequeuniversity.com/rules/axe/4.6/region?application=axeAPI"
			},
			"recurrence": 0
		},
		{
			"context": "<p class=\"browser\">\n        <em>Getestet mit Opera ...</p>",
			"selector": "#head>:nth-child(4)",
			"code": "region",
			"type": "error",
			"typeCode": 1,
			"message": "All page content should be contained by landmarks",
			"runner": "axe",
			"runnerExtras": {
				"description": "Ensures all page content is contained by landmarks",
				"impact": "moderate",
				"helpUrl": "https://dequeuniversity.com/rules/axe/4.6/region?application=axeAPI"
			},
			"recurrence": 0
		},
		{
			"context": "<ul>\n        <li style=\"font-size: 1...</ul>",
			"selector": "#head>:nth-child(6)",
			"code": "region",
			"type": "error",
			"typeCode": 1,
			"message": "All page content should be contained by landmarks",
			"runner": "axe",
			"runnerExtras": {
				"description": "Ensures all page content is contained by landmarks",
				"impact": "moderate",
				"helpUrl": "https://dequeuniversity.com/rules/axe/4.6/region?application=axeAPI"
			},
			"recurrence": 0
		},
		{
			"context": "<p>\n          Lorem ipsum dolor sit...</p>",
			"selector": "#content-left>:nth-child(1)",
			"code": "region",
			"type": "error",
			"typeCode": 1,
			"message": "All page content should be contained by landmarks",
			"runner": "axe",
			"runnerExtras": {
				"description": "Ensures all page content is contained by landmarks",
				"impact": "moderate",
				"helpUrl": "https://dequeuniversity.com/rules/axe/4.6/region?application=axeAPI"
			},
			"recurrence": 0
		},
		{
			"context": "<p class=\"description\">\n          <a name=\"mehr\" href=\"...</p>",
			"selector": "#content-left>:nth-child(2)",
			"code": "region",
			"type": "error",
			"typeCode": 1,
			"message": "All page content should be contained by landmarks",
			"runner": "axe",
			"runnerExtras": {
				"description": "Ensures all page content is contained by landmarks",
				"impact": "moderate",
				"helpUrl": "https://dequeuniversity.com/rules/axe/4.6/region?application=axeAPI"
			},
			"recurrence": 0
		},
		{
			"context": "<div id=\"content-right\">\n        <p class=\"description\">...</div>",
			"selector": "#content-right",
			"code": "region",
			"type": "error",
			"typeCode": 1,
			"message": "All page content should be contained by landmarks",
			"runner": "axe",
			"runnerExtras": {
				"description": "Ensures all page content is contained by landmarks",
				"impact": "moderate",
				"helpUrl": "https://dequeuniversity.com/rules/axe/4.6/region?application=axeAPI"
			},
			"recurrence": 0
		},
		{
			"context": "<div id=\"foot\">\n      <p>\n        <a href=\"VCSS...</div>",
			"selector": "#foot",
			"code": "region",
			"type": "error",
			"typeCode": 1,
			"message": "All page content should be contained by landmarks",
			"runner": "axe",
			"runnerExtras": {
				"description": "Ensures all page content is contained by landmarks",
				"impact": "moderate",
				"helpUrl": "https://dequeuniversity.com/rules/axe/4.6/region?application=axeAPI"
			},
			"recurrence": 0
		}
	],
	"meta": {
		"errorCount": 39,
		"warningCount": 0,
		"noticeCount": 0,
		"accessScore": 80
	},
	"automateable": {
		"missingAltIndexs": []
	}
}
