{
	"documentTitle": "Impressum - Haftungsausschluss - Seite Druckvorschau - Gedit",
	"pageUrl": "https://archiv.gedit.net/Impressum.html",
	"issues": [
		{
			"context": "<h1>Impressum</h1>",
			"selector": "#content-left>:nth-child(1)",
			"code": "WCAG2AA.Principle1.Guideline1_4.1_4_3.G145.Fail",
			"type": "error",
			"typeCode": 1,
			"message": "This element has insufficient contrast at this conformance level. Expected a contrast ratio of at least 3:1, but text in this element has a contrast ratio of 2.93:1. Recommendation:  change text colour to #93949f.",
			"runner": "htmlcs",
			"recurrence": 0
		},
		{
			"context": "<p>\n          $req 17,5 KB - 0 Sec....</p>",
			"selector": "#footer>:nth-child(1)",
			"code": "WCAG2AA.Principle1.Guideline1_4.1_4_3.G18.Fail",
			"type": "error",
			"typeCode": 1,
			"message": "This element has insufficient contrast at this conformance level. Expected a contrast ratio of at least 4.5:1, but text in this element has a contrast ratio of 1.6:1. Recommendation:  change text colour to #677f05.",
			"runner": "htmlcs",
			"recurrence": 0
		},
		{
			"context": "<a href=\"index.html\" title=\"Startseite\">gedit.net/</a>",
			"selector": "#header-nav>:nth-child(1)>:nth-child(1)",
			"code": "WCAG2AA.Principle1.Guideline1_4.1_4_3.G145.Fail",
			"type": "error",
			"typeCode": 1,
			"message": "This element has insufficient contrast at this conformance level. Expected a contrast ratio of at least 3:1, but text in this element has a contrast ratio of 1.83:1. Recommendation:  change background to #70717c.",
			"runner": "htmlcs",
			"recurrence": 0
		},
		{
			"context": "<a href=\"Impressum.html\" title=\"Impressum\">Impressum</a>",
			"selector": "#header-nav>:nth-child(2)>:nth-child(1)",
			"code": "WCAG2AA.Principle1.Guideline1_4.1_4_3.G145.Fail",
			"type": "error",
			"typeCode": 1,
			"message": "This element has insufficient contrast at this conformance level. Expected a contrast ratio of at least 3:1, but text in this element has a contrast ratio of 1.83:1. Recommendation:  change background to #70717c.",
			"runner": "htmlcs",
			"recurrence": 0
		},
		{
			"context": "<li>| <a href=\"Artikel.html\" title=\"...</li>",
			"selector": "#header-subnav>:nth-child(1)>:nth-child(2)",
			"code": "WCAG2AA.Principle1.Guideline1_4.1_4_3.G18.Fail",
			"type": "error",
			"typeCode": 1,
			"message": "This element has insufficient contrast at this conformance level. Expected a contrast ratio of at least 4.5:1, but text in this element has a contrast ratio of 1.83:1. Recommendation:  change text colour to #555661.",
			"runner": "htmlcs",
			"recurrence": 0
		},
		{
			"context": "<li>| <a href=\"Weblog.html\" title=\"W...</li>",
			"selector": "#header-subnav>:nth-child(1)>:nth-child(3)",
			"code": "WCAG2AA.Principle1.Guideline1_4.1_4_3.G18.Fail",
			"type": "error",
			"typeCode": 1,
			"message": "This element has insufficient contrast at this conformance level. Expected a contrast ratio of at least 4.5:1, but text in this element has a contrast ratio of 1.83:1. Recommendation:  change text colour to #555661.",
			"runner": "htmlcs",
			"recurrence": 0
		},
		{
			"context": "<li>| <a href=\"SITEMAP.html\" title=\"...</li>",
			"selector": "#header-subnav>:nth-child(1)>:nth-child(4)",
			"code": "WCAG2AA.Principle1.Guideline1_4.1_4_3.G18.Fail",
			"type": "error",
			"typeCode": 1,
			"message": "This element has insufficient contrast at this conformance level. Expected a contrast ratio of at least 4.5:1, but text in this element has a contrast ratio of 1.83:1. Recommendation:  change text colour to #555661.",
			"runner": "htmlcs",
			"recurrence": 0
		},
		{
			"context": "<li>| <a href=\"Impressum.html\" title...</li>",
			"selector": "#header-subnav>:nth-child(1)>:nth-child(5)",
			"code": "WCAG2AA.Principle1.Guideline1_4.1_4_3.G18.Fail",
			"type": "error",
			"typeCode": 1,
			"message": "This element has insufficient contrast at this conformance level. Expected a contrast ratio of at least 4.5:1, but text in this element has a contrast ratio of 1.83:1. Recommendation:  change text colour to #555661.",
			"runner": "htmlcs",
			"recurrence": 0
		},
		{
			"context": "<li>| <a href=\"Kontakt.html\" title=\"...</li>",
			"selector": "#header-subnav>:nth-child(1)>:nth-child(6)",
			"code": "WCAG2AA.Principle1.Guideline1_4.1_4_3.G18.Fail",
			"type": "error",
			"typeCode": 1,
			"message": "This element has insufficient contrast at this conformance level. Expected a contrast ratio of at least 4.5:1, but text in this element has a contrast ratio of 1.83:1. Recommendation:  change text colour to #555661.",
			"runner": "htmlcs",
			"recurrence": 0
		},
		{
			"context": "<a href=\"kontakt.html\" title=\"Autoren Kontaktieren\">kontaktieren</a>",
			"selector": "#content-left>:nth-child(2)>:nth-child(2)",
			"code": "WCAG2AA.Principle1.Guideline1_4.1_4_3.G18.Fail",
			"type": "error",
			"typeCode": 1,
			"message": "This element has insufficient contrast at this conformance level. Expected a contrast ratio of at least 4.5:1, but text in this element has a contrast ratio of 1.6:1. Recommendation:  change text colour to #677f05.",
			"runner": "htmlcs",
			"recurrence": 0
		},
		{
			"context": "<a href=\"index.html\" title=\"//gedit.NET - Startseite\">&lt;/&gt;</a>",
			"selector": "#content-left>:nth-child(4)>:nth-child(2)",
			"code": "WCAG2AA.Principle1.Guideline1_4.1_4_3.G18.Fail",
			"type": "error",
			"typeCode": 1,
			"message": "This element has insufficient contrast at this conformance level. Expected a contrast ratio of at least 4.5:1, but text in this element has a contrast ratio of 1.6:1. Recommendation:  change text colour to #677f05.",
			"runner": "htmlcs",
			"recurrence": 0
		},
		{
			"context": "<a href=\"Kontakt.html\" title=\"//gedit.NET - Kontakt\">Formailer</a>",
			"selector": "#content-left>:nth-child(4)>:nth-child(4)",
			"code": "WCAG2AA.Principle1.Guideline1_4.1_4_3.G18.Fail",
			"type": "error",
			"typeCode": 1,
			"message": "This element has insufficient contrast at this conformance level. Expected a contrast ratio of at least 4.5:1, but text in this element has a contrast ratio of 1.6:1. Recommendation:  change text colour to #677f05.",
			"runner": "htmlcs",
			"recurrence": 0
		},
		{
			"context": "<a href=\"Impressum_Druckvorschau.html\" title=\"Impressum - Seite Druckvorschau\">gedit.net/Impressum,Druckvorscha...</a>",
			"selector": "#footer>:nth-child(1)>:nth-child(1)",
			"code": "WCAG2AA.Principle1.Guideline1_4.1_4_3.G18.Fail",
			"type": "error",
			"typeCode": 1,
			"message": "This element has insufficient contrast at this conformance level. Expected a contrast ratio of at least 4.5:1, but text in this element has a contrast ratio of 2.93:1. Recommendation:  change text colour to #757681.",
			"runner": "htmlcs",
			"recurrence": 0
		},
		{
			"context": "<strong>not</strong>",
			"selector": "#footer>:nth-child(1)>:nth-child(4)",
			"code": "WCAG2AA.Principle1.Guideline1_4.1_4_3.G18.Fail",
			"type": "error",
			"typeCode": 1,
			"message": "This element has insufficient contrast at this conformance level. Expected a contrast ratio of at least 4.5:1, but text in this element has a contrast ratio of 1.6:1. Recommendation:  change text colour to #677f05.",
			"runner": "htmlcs",
			"recurrence": 0
		},
		{
			"context": "<a rel=\"license\" href=\"CC.html\" title=\"Creative Commons Atritbution-NonCommercial 3.0 License\">Creative Commons Attribution-Non...</a>",
			"selector": "#footer>:nth-child(1)>:nth-child(11)",
			"code": "WCAG2AA.Principle1.Guideline1_4.1_4_3.G18.Fail",
			"type": "error",
			"typeCode": 1,
			"message": "This element has insufficient contrast at this conformance level. Expected a contrast ratio of at least 4.5:1, but text in this element has a contrast ratio of 2.93:1. Recommendation:  change text colour to #757681.",
			"runner": "htmlcs",
			"recurrence": 0
		},
		{
			"context": "<a href=\"VERSION_v0.5.html\" title=\"Version - v0.5\">v0.5</a>",
			"selector": "#footer>:nth-child(1)>:nth-child(34)",
			"code": "WCAG2AA.Principle1.Guideline1_4.1_4_3.G18.Fail",
			"type": "error",
			"typeCode": 1,
			"message": "This element has insufficient contrast at this conformance level. Expected a contrast ratio of at least 4.5:1, but text in this element has a contrast ratio of 2.93:1. Recommendation:  change text colour to #757681.",
			"runner": "htmlcs",
			"recurrence": 0
		},
		{
			"context": "<a href=\"http://gattner.name/simon\" title=\"Simon Gattner\">Simon Gattner</a>",
			"selector": "#footer>:nth-child(1)>:nth-child(35)",
			"code": "WCAG2AA.Principle1.Guideline1_4.1_4_3.G18.Fail",
			"type": "error",
			"typeCode": 1,
			"message": "This element has insufficient contrast at this conformance level. Expected a contrast ratio of at least 4.5:1, but text in this element has a contrast ratio of 2.93:1. Recommendation:  change text colour to #757681.",
			"runner": "htmlcs",
			"recurrence": 0
		},
		{
			"context": "<a href=\"index.html\" title=\"Home\">Home</a>",
			"selector": "#header-subnav>:nth-child(1)>:nth-child(1)>:nth-child(1)",
			"code": "WCAG2AA.Principle1.Guideline1_4.1_4_3.G18.Fail",
			"type": "error",
			"typeCode": 1,
			"message": "This element has insufficient contrast at this conformance level. Expected a contrast ratio of at least 4.5:1, but text in this element has a contrast ratio of 1.83:1. Recommendation:  change text colour to #555661.",
			"runner": "htmlcs",
			"recurrence": 0
		},
		{
			"context": "<a href=\"Artikel.html\" title=\"Artikel\">Artikel</a>",
			"selector": "#header-subnav>:nth-child(1)>:nth-child(2)>:nth-child(1)",
			"code": "WCAG2AA.Principle1.Guideline1_4.1_4_3.G18.Fail",
			"type": "error",
			"typeCode": 1,
			"message": "This element has insufficient contrast at this conformance level. Expected a contrast ratio of at least 4.5:1, but text in this element has a contrast ratio of 1.83:1. Recommendation:  change text colour to #555661.",
			"runner": "htmlcs",
			"recurrence": 0
		},
		{
			"context": "<a href=\"Weblog.html\" title=\"Weblog\">Weblog</a>",
			"selector": "#header-subnav>:nth-child(1)>:nth-child(3)>:nth-child(1)",
			"code": "WCAG2AA.Principle1.Guideline1_4.1_4_3.G18.Fail",
			"type": "error",
			"typeCode": 1,
			"message": "This element has insufficient contrast at this conformance level. Expected a contrast ratio of at least 4.5:1, but text in this element has a contrast ratio of 1.83:1. Recommendation:  change text colour to #555661.",
			"runner": "htmlcs",
			"recurrence": 0
		},
		{
			"context": "<a href=\"SITEMAP.html\" title=\"Sitemap\">Sitemap</a>",
			"selector": "#header-subnav>:nth-child(1)>:nth-child(4)>:nth-child(1)",
			"code": "WCAG2AA.Principle1.Guideline1_4.1_4_3.G18.Fail",
			"type": "error",
			"typeCode": 1,
			"message": "This element has insufficient contrast at this conformance level. Expected a contrast ratio of at least 4.5:1, but text in this element has a contrast ratio of 1.83:1. Recommendation:  change text colour to #555661.",
			"runner": "htmlcs",
			"recurrence": 0
		},
		{
			"context": "<a href=\"Impressum.html\" title=\"Impressum\">Impressum</a>",
			"selector": "#header-subnav>:nth-child(1)>:nth-child(5)>:nth-child(1)",
			"code": "WCAG2AA.Principle1.Guideline1_4.1_4_3.G18.Fail",
			"type": "error",
			"typeCode": 1,
			"message": "This element has insufficient contrast at this conformance level. Expected a contrast ratio of at least 4.5:1, but text in this element has a contrast ratio of 1.83:1. Recommendation:  change text colour to #555661.",
			"runner": "htmlcs",
			"recurrence": 0
		},
		{
			"context": "<a href=\"Kontakt.html\" title=\"Kontakt\">Kontakt</a>",
			"selector": "#header-subnav>:nth-child(1)>:nth-child(6)>:nth-child(1)",
			"code": "WCAG2AA.Principle1.Guideline1_4.1_4_3.G18.Fail",
			"type": "error",
			"typeCode": 1,
			"message": "This element has insufficient contrast at this conformance level. Expected a contrast ratio of at least 4.5:1, but text in this element has a contrast ratio of 1.83:1. Recommendation:  change text colour to #555661.",
			"runner": "htmlcs",
			"recurrence": 0
		},
		{
			"context": "<strong><abbr title=\"Hypertext Markup La...</strong>",
			"selector": "#footer>:nth-child(1)>:nth-child(18)>:nth-child(1)",
			"code": "WCAG2AA.Principle1.Guideline1_4.1_4_3.G18.Fail",
			"type": "error",
			"typeCode": 1,
			"message": "This element has insufficient contrast at this conformance level. Expected a contrast ratio of at least 4.5:1, but text in this element has a contrast ratio of 2.93:1. Recommendation:  change text colour to #757681.",
			"runner": "htmlcs",
			"recurrence": 0
		},
		{
			"context": "<strong>Webgestaltung</strong>",
			"selector": "#footer>:nth-child(1)>:nth-child(19)>:nth-child(1)",
			"code": "WCAG2AA.Principle1.Guideline1_4.1_4_3.G18.Fail",
			"type": "error",
			"typeCode": 1,
			"message": "This element has insufficient contrast at this conformance level. Expected a contrast ratio of at least 4.5:1, but text in this element has a contrast ratio of 2.93:1. Recommendation:  change text colour to #757681.",
			"runner": "htmlcs",
			"recurrence": 0
		},
		{
			"context": "<strong>Webentwicklung</strong>",
			"selector": "#footer>:nth-child(1)>:nth-child(20)>:nth-child(1)",
			"code": "WCAG2AA.Principle1.Guideline1_4.1_4_3.G18.Fail",
			"type": "error",
			"typeCode": 1,
			"message": "This element has insufficient contrast at this conformance level. Expected a contrast ratio of at least 4.5:1, but text in this element has a contrast ratio of 2.93:1. Recommendation:  change text colour to #757681.",
			"runner": "htmlcs",
			"recurrence": 0
		},
		{
			"context": "<strong>Webdesign</strong>",
			"selector": "#footer>:nth-child(1)>:nth-child(21)>:nth-child(1)",
			"code": "WCAG2AA.Principle1.Guideline1_4.1_4_3.G18.Fail",
			"type": "error",
			"typeCode": 1,
			"message": "This element has insufficient contrast at this conformance level. Expected a contrast ratio of at least 4.5:1, but text in this element has a contrast ratio of 2.93:1. Recommendation:  change text colour to #757681.",
			"runner": "htmlcs",
			"recurrence": 0
		},
		{
			"context": "<strong>Webdevelopment</strong>",
			"selector": "#footer>:nth-child(1)>:nth-child(22)>:nth-child(1)",
			"code": "WCAG2AA.Principle1.Guideline1_4.1_4_3.G18.Fail",
			"type": "error",
			"typeCode": 1,
			"message": "This element has insufficient contrast at this conformance level. Expected a contrast ratio of at least 4.5:1, but text in this element has a contrast ratio of 2.93:1. Recommendation:  change text colour to #757681.",
			"runner": "htmlcs",
			"recurrence": 0
		},
		{
			"context": "<strong>Webstandards</strong>",
			"selector": "#footer>:nth-child(1)>:nth-child(23)>:nth-child(1)",
			"code": "WCAG2AA.Principle1.Guideline1_4.1_4_3.G18.Fail",
			"type": "error",
			"typeCode": 1,
			"message": "This element has insufficient contrast at this conformance level. Expected a contrast ratio of at least 4.5:1, but text in this element has a contrast ratio of 2.93:1. Recommendation:  change text colour to #757681.",
			"runner": "htmlcs",
			"recurrence": 0
		},
		{
			"context": "<strong>Benutzerfreundlichkeit (Usabilit...</strong>",
			"selector": "#footer>:nth-child(1)>:nth-child(24)>:nth-child(1)",
			"code": "WCAG2AA.Principle1.Guideline1_4.1_4_3.G18.Fail",
			"type": "error",
			"typeCode": 1,
			"message": "This element has insufficient contrast at this conformance level. Expected a contrast ratio of at least 4.5:1, but text in this element has a contrast ratio of 2.93:1. Recommendation:  change text colour to #757681.",
			"runner": "htmlcs",
			"recurrence": 0
		},
		{
			"context": "<strong>Barrierefreiheit (Accessebility)...</strong>",
			"selector": "#footer>:nth-child(1)>:nth-child(25)>:nth-child(1)",
			"code": "WCAG2AA.Principle1.Guideline1_4.1_4_3.G18.Fail",
			"type": "error",
			"typeCode": 1,
			"message": "This element has insufficient contrast at this conformance level. Expected a contrast ratio of at least 4.5:1, but text in this element has a contrast ratio of 2.93:1. Recommendation:  change text colour to #757681.",
			"runner": "htmlcs",
			"recurrence": 0
		},
		{
			"context": "<strong>Webfrontendentwicklung</strong>",
			"selector": "#footer>:nth-child(1)>:nth-child(26)>:nth-child(1)",
			"code": "WCAG2AA.Principle1.Guideline1_4.1_4_3.G18.Fail",
			"type": "error",
			"typeCode": 1,
			"message": "This element has insufficient contrast at this conformance level. Expected a contrast ratio of at least 4.5:1, but text in this element has a contrast ratio of 2.93:1. Recommendation:  change text colour to #757681.",
			"runner": "htmlcs",
			"recurrence": 0
		},
		{
			"context": "<strong>Webbackendentwicklung</strong>",
			"selector": "#footer>:nth-child(1)>:nth-child(27)>:nth-child(1)",
			"code": "WCAG2AA.Principle1.Guideline1_4.1_4_3.G18.Fail",
			"type": "error",
			"typeCode": 1,
			"message": "This element has insufficient contrast at this conformance level. Expected a contrast ratio of at least 4.5:1, but text in this element has a contrast ratio of 2.93:1. Recommendation:  change text colour to #757681.",
			"runner": "htmlcs",
			"recurrence": 0
		},
		{
			"context": "<strong>Visuelle Medien</strong>",
			"selector": "#footer>:nth-child(1)>:nth-child(28)>:nth-child(1)",
			"code": "WCAG2AA.Principle1.Guideline1_4.1_4_3.G18.Fail",
			"type": "error",
			"typeCode": 1,
			"message": "This element has insufficient contrast at this conformance level. Expected a contrast ratio of at least 4.5:1, but text in this element has a contrast ratio of 2.93:1. Recommendation:  change text colour to #757681.",
			"runner": "htmlcs",
			"recurrence": 0
		},
		{
			"context": "<strong>Interfacedesign</strong>",
			"selector": "#footer>:nth-child(1)>:nth-child(29)>:nth-child(1)",
			"code": "WCAG2AA.Principle1.Guideline1_4.1_4_3.G18.Fail",
			"type": "error",
			"typeCode": 1,
			"message": "This element has insufficient contrast at this conformance level. Expected a contrast ratio of at least 4.5:1, but text in this element has a contrast ratio of 2.93:1. Recommendation:  change text colour to #757681.",
			"runner": "htmlcs",
			"recurrence": 0
		},
		{
			"context": "<strong>Visuelle Kommunikation</strong>",
			"selector": "#footer>:nth-child(1)>:nth-child(30)>:nth-child(1)",
			"code": "WCAG2AA.Principle1.Guideline1_4.1_4_3.G18.Fail",
			"type": "error",
			"typeCode": 1,
			"message": "This element has insufficient contrast at this conformance level. Expected a contrast ratio of at least 4.5:1, but text in this element has a contrast ratio of 2.93:1. Recommendation:  change text colour to #757681.",
			"runner": "htmlcs",
			"recurrence": 0
		},
		{
			"context": "<strong>Grafikdesign</strong>",
			"selector": "#footer>:nth-child(1)>:nth-child(31)>:nth-child(1)",
			"code": "WCAG2AA.Principle1.Guideline1_4.1_4_3.G18.Fail",
			"type": "error",
			"typeCode": 1,
			"message": "This element has insufficient contrast at this conformance level. Expected a contrast ratio of at least 4.5:1, but text in this element has a contrast ratio of 2.93:1. Recommendation:  change text colour to #757681.",
			"runner": "htmlcs",
			"recurrence": 0
		},
		{
			"context": "<strong>Screendesign</strong>",
			"selector": "#footer>:nth-child(1)>:nth-child(32)>:nth-child(1)",
			"code": "WCAG2AA.Principle1.Guideline1_4.1_4_3.G18.Fail",
			"type": "error",
			"typeCode": 1,
			"message": "This element has insufficient contrast at this conformance level. Expected a contrast ratio of at least 4.5:1, but text in this element has a contrast ratio of 2.93:1. Recommendation:  change text colour to #757681.",
			"runner": "htmlcs",
			"recurrence": 0
		},
		{
			"context": "<strong>Typografie</strong>",
			"selector": "#footer>:nth-child(1)>:nth-child(33)>:nth-child(1)",
			"code": "WCAG2AA.Principle1.Guideline1_4.1_4_3.G18.Fail",
			"type": "error",
			"typeCode": 1,
			"message": "This element has insufficient contrast at this conformance level. Expected a contrast ratio of at least 4.5:1, but text in this element has a contrast ratio of 2.93:1. Recommendation:  change text colour to #757681.",
			"runner": "htmlcs",
			"recurrence": 0
		},
		{
			"context": "<abbr title=\"Hypertext Markup Language\">HTML</abbr>",
			"selector": "#footer>:nth-child(1)>:nth-child(18)>:nth-child(1)>:nth-child(1)",
			"code": "WCAG2AA.Principle1.Guideline1_4.1_4_3.G18.Fail",
			"type": "error",
			"typeCode": 1,
			"message": "This element has insufficient contrast at this conformance level. Expected a contrast ratio of at least 4.5:1, but text in this element has a contrast ratio of 2.93:1. Recommendation:  change text colour to #757681.",
			"runner": "htmlcs",
			"recurrence": 0
		},
		{
			"context": "<abbr title=\"Cascading Style Sheet\">CSS</abbr>",
			"selector": "#footer>:nth-child(1)>:nth-child(18)>:nth-child(1)>:nth-child(2)",
			"code": "WCAG2AA.Principle1.Guideline1_4.1_4_3.G18.Fail",
			"type": "error",
			"typeCode": 1,
			"message": "This element has insufficient contrast at this conformance level. Expected a contrast ratio of at least 4.5:1, but text in this element has a contrast ratio of 2.93:1. Recommendation:  change text colour to #757681.",
			"runner": "htmlcs",
			"recurrence": 0
		},
		{
			"context": "<a href=\"index.html\" title=\"Startseite\">gedit.net/</a>",
			"selector": "#header-nav>:nth-child(1)>:nth-child(1)",
			"code": "color-contrast",
			"type": "error",
			"typeCode": 1,
			"message": "Elements must have sufficient color contrast",
			"runner": "axe",
			"runnerExtras": {
				"description": "Ensures the contrast between foreground and background colors meets WCAG 2 AA contrast ratio thresholds",
				"impact": "serious",
				"helpUrl": "https://dequeuniversity.com/rules/axe/4.6/color-contrast?application=axeAPI"
			},
			"recurrence": 0
		},
		{
			"context": "<a href=\"Impressum.html\" title=\"Impressum\">Impressum</a>",
			"selector": "#header-nav>:nth-child(2)>:nth-child(1)",
			"code": "color-contrast",
			"type": "error",
			"typeCode": 1,
			"message": "Elements must have sufficient color contrast",
			"runner": "axe",
			"runnerExtras": {
				"description": "Ensures the contrast between foreground and background colors meets WCAG 2 AA contrast ratio thresholds",
				"impact": "serious",
				"helpUrl": "https://dequeuniversity.com/rules/axe/4.6/color-contrast?application=axeAPI"
			},
			"recurrence": 0
		},
		{
			"context": "<h1>Suchen</h1>",
			"selector": "#header-search>:nth-child(1)>:nth-child(1)",
			"code": "color-contrast",
			"type": "error",
			"typeCode": 1,
			"message": "Elements must have sufficient color contrast",
			"runner": "axe",
			"runnerExtras": {
				"description": "Ensures the contrast between foreground and background colors meets WCAG 2 AA contrast ratio thresholds",
				"impact": "serious",
				"helpUrl": "https://dequeuniversity.com/rules/axe/4.6/color-contrast?application=axeAPI"
			},
			"recurrence": 0
		},
		{
			"context": "<input type=\"text\" class=\"q\" name=\"q\" value=\"\" maxlength=\"50\" alt=\"Suchtext\" id=\"Suchtext\">",
			"selector": "#Suchtext",
			"code": "color-contrast",
			"type": "error",
			"typeCode": 1,
			"message": "Elements must have sufficient color contrast",
			"runner": "axe",
			"runnerExtras": {
				"description": "Ensures the contrast between foreground and background colors meets WCAG 2 AA contrast ratio thresholds",
				"impact": "serious",
				"helpUrl": "https://dequeuniversity.com/rules/axe/4.6/color-contrast?application=axeAPI"
			},
			"recurrence": 0
		},
		{
			"context": "<h1>Impressum</h1>",
			"selector": "#content-left>:nth-child(1)",
			"code": "color-contrast",
			"type": "error",
			"typeCode": 1,
			"message": "Elements must have sufficient color contrast",
			"runner": "axe",
			"runnerExtras": {
				"description": "Ensures the contrast between foreground and background colors meets WCAG 2 AA contrast ratio thresholds",
				"impact": "serious",
				"helpUrl": "https://dequeuniversity.com/rules/axe/4.6/color-contrast?application=axeAPI"
			},
			"recurrence": 0
		},
		{
			"context": "<a href=\"kontakt.html\" title=\"Autoren Kontaktieren\">kontaktieren</a>",
			"selector": "#content-left>:nth-child(2)>:nth-child(2)",
			"code": "color-contrast",
			"type": "error",
			"typeCode": 1,
			"message": "Elements must have sufficient color contrast",
			"runner": "axe",
			"runnerExtras": {
				"description": "Ensures the contrast between foreground and background colors meets WCAG 2 AA contrast ratio thresholds",
				"impact": "serious",
				"helpUrl": "https://dequeuniversity.com/rules/axe/4.6/color-contrast?application=axeAPI"
			},
			"recurrence": 0
		},
		{
			"context": "<a href=\"Kontakt.html\" title=\"//gedit.NET - Kontakt\">Formailer</a>",
			"selector": "#content-left>:nth-child(4)>:nth-child(4)",
			"code": "color-contrast",
			"type": "error",
			"typeCode": 1,
			"message": "Elements must have sufficient color contrast",
			"runner": "axe",
			"runnerExtras": {
				"description": "Ensures the contrast between foreground and background colors meets WCAG 2 AA contrast ratio thresholds",
				"impact": "serious",
				"helpUrl": "https://dequeuniversity.com/rules/axe/4.6/color-contrast?application=axeAPI"
			},
			"recurrence": 0
		},
		{
			"context": "<p>\n          $req 17,5 KB - 0 Sec....</p>",
			"selector": "#footer>:nth-child(1)",
			"code": "color-contrast",
			"type": "error",
			"typeCode": 1,
			"message": "Elements must have sufficient color contrast",
			"runner": "axe",
			"runnerExtras": {
				"description": "Ensures the contrast between foreground and background colors meets WCAG 2 AA contrast ratio thresholds",
				"impact": "serious",
				"helpUrl": "https://dequeuniversity.com/rules/axe/4.6/color-contrast?application=axeAPI"
			},
			"recurrence": 0
		},
		{
			"context": "<a href=\"Impressum_Druckvorschau.html\" title=\"Impressum - Seite Druckvorschau\">gedit.net/Impressum,Druckvorscha...</a>",
			"selector": "#footer>:nth-child(1)>:nth-child(1)",
			"code": "color-contrast",
			"type": "error",
			"typeCode": 1,
			"message": "Elements must have sufficient color contrast",
			"runner": "axe",
			"runnerExtras": {
				"description": "Ensures the contrast between foreground and background colors meets WCAG 2 AA contrast ratio thresholds",
				"impact": "serious",
				"helpUrl": "https://dequeuniversity.com/rules/axe/4.6/color-contrast?application=axeAPI"
			},
			"recurrence": 0
		},
		{
			"context": "<strong>not</strong>",
			"selector": "#footer>:nth-child(1)>:nth-child(4)",
			"code": "color-contrast",
			"type": "error",
			"typeCode": 1,
			"message": "Elements must have sufficient color contrast",
			"runner": "axe",
			"runnerExtras": {
				"description": "Ensures the contrast between foreground and background colors meets WCAG 2 AA contrast ratio thresholds",
				"impact": "serious",
				"helpUrl": "https://dequeuniversity.com/rules/axe/4.6/color-contrast?application=axeAPI"
			},
			"recurrence": 0
		},
		{
			"context": "<a rel=\"license\" href=\"CC.html\" title=\"Creative Commons Atritbution-NonCommercial 3.0 License\">Creative Commons Attribution-Non...</a>",
			"selector": "#footer>:nth-child(1)>:nth-child(11)",
			"code": "color-contrast",
			"type": "error",
			"typeCode": 1,
			"message": "Elements must have sufficient color contrast",
			"runner": "axe",
			"runnerExtras": {
				"description": "Ensures the contrast between foreground and background colors meets WCAG 2 AA contrast ratio thresholds",
				"impact": "serious",
				"helpUrl": "https://dequeuniversity.com/rules/axe/4.6/color-contrast?application=axeAPI"
			},
			"recurrence": 0
		},
		{
			"context": "<strong><abbr title=\"Hypertext Markup La...</strong>",
			"selector": "#footer>:nth-child(1)>:nth-child(18)>:nth-child(1)",
			"code": "color-contrast",
			"type": "error",
			"typeCode": 1,
			"message": "Elements must have sufficient color contrast",
			"runner": "axe",
			"runnerExtras": {
				"description": "Ensures the contrast between foreground and background colors meets WCAG 2 AA contrast ratio thresholds",
				"impact": "serious",
				"helpUrl": "https://dequeuniversity.com/rules/axe/4.6/color-contrast?application=axeAPI"
			},
			"recurrence": 0
		},
		{
			"context": "<abbr title=\"Hypertext Markup Language\">HTML</abbr>",
			"selector": "#footer>:nth-child(1)>:nth-child(18)>:nth-child(1)>:nth-child(1)",
			"code": "color-contrast",
			"type": "error",
			"typeCode": 1,
			"message": "Elements must have sufficient color contrast",
			"runner": "axe",
			"runnerExtras": {
				"description": "Ensures the contrast between foreground and background colors meets WCAG 2 AA contrast ratio thresholds",
				"impact": "serious",
				"helpUrl": "https://dequeuniversity.com/rules/axe/4.6/color-contrast?application=axeAPI"
			},
			"recurrence": 0
		},
		{
			"context": "<abbr title=\"Cascading Style Sheet\">CSS</abbr>",
			"selector": "#footer>:nth-child(1)>:nth-child(18)>:nth-child(1)>:nth-child(2)",
			"code": "color-contrast",
			"type": "error",
			"typeCode": 1,
			"message": "Elements must have sufficient color contrast",
			"runner": "axe",
			"runnerExtras": {
				"description": "Ensures the contrast between foreground and background colors meets WCAG 2 AA contrast ratio thresholds",
				"impact": "serious",
				"helpUrl": "https://dequeuniversity.com/rules/axe/4.6/color-contrast?application=axeAPI"
			},
			"recurrence": 0
		},
		{
			"context": "<strong>Webgestaltung</strong>",
			"selector": "#footer>:nth-child(1)>:nth-child(19)>:nth-child(1)",
			"code": "color-contrast",
			"type": "error",
			"typeCode": 1,
			"message": "Elements must have sufficient color contrast",
			"runner": "axe",
			"runnerExtras": {
				"description": "Ensures the contrast between foreground and background colors meets WCAG 2 AA contrast ratio thresholds",
				"impact": "serious",
				"helpUrl": "https://dequeuniversity.com/rules/axe/4.6/color-contrast?application=axeAPI"
			},
			"recurrence": 0
		},
		{
			"context": "<strong>Webentwicklung</strong>",
			"selector": "#footer>:nth-child(1)>:nth-child(20)>:nth-child(1)",
			"code": "color-contrast",
			"type": "error",
			"typeCode": 1,
			"message": "Elements must have sufficient color contrast",
			"runner": "axe",
			"runnerExtras": {
				"description": "Ensures the contrast between foreground and background colors meets WCAG 2 AA contrast ratio thresholds",
				"impact": "serious",
				"helpUrl": "https://dequeuniversity.com/rules/axe/4.6/color-contrast?application=axeAPI"
			},
			"recurrence": 0
		},
		{
			"context": "<strong>Webdesign</strong>",
			"selector": "#footer>:nth-child(1)>:nth-child(21)>:nth-child(1)",
			"code": "color-contrast",
			"type": "error",
			"typeCode": 1,
			"message": "Elements must have sufficient color contrast",
			"runner": "axe",
			"runnerExtras": {
				"description": "Ensures the contrast between foreground and background colors meets WCAG 2 AA contrast ratio thresholds",
				"impact": "serious",
				"helpUrl": "https://dequeuniversity.com/rules/axe/4.6/color-contrast?application=axeAPI"
			},
			"recurrence": 0
		},
		{
			"context": "<strong>Webdevelopment</strong>",
			"selector": "#footer>:nth-child(1)>:nth-child(22)>:nth-child(1)",
			"code": "color-contrast",
			"type": "error",
			"typeCode": 1,
			"message": "Elements must have sufficient color contrast",
			"runner": "axe",
			"runnerExtras": {
				"description": "Ensures the contrast between foreground and background colors meets WCAG 2 AA contrast ratio thresholds",
				"impact": "serious",
				"helpUrl": "https://dequeuniversity.com/rules/axe/4.6/color-contrast?application=axeAPI"
			},
			"recurrence": 0
		},
		{
			"context": "<strong>Webstandards</strong>",
			"selector": "#footer>:nth-child(1)>:nth-child(23)>:nth-child(1)",
			"code": "color-contrast",
			"type": "error",
			"typeCode": 1,
			"message": "Elements must have sufficient color contrast",
			"runner": "axe",
			"runnerExtras": {
				"description": "Ensures the contrast between foreground and background colors meets WCAG 2 AA contrast ratio thresholds",
				"impact": "serious",
				"helpUrl": "https://dequeuniversity.com/rules/axe/4.6/color-contrast?application=axeAPI"
			},
			"recurrence": 0
		},
		{
			"context": "<strong>Benutzerfreundlichkeit (Usabilit...</strong>",
			"selector": "#footer>:nth-child(1)>:nth-child(24)>:nth-child(1)",
			"code": "color-contrast",
			"type": "error",
			"typeCode": 1,
			"message": "Elements must have sufficient color contrast",
			"runner": "axe",
			"runnerExtras": {
				"description": "Ensures the contrast between foreground and background colors meets WCAG 2 AA contrast ratio thresholds",
				"impact": "serious",
				"helpUrl": "https://dequeuniversity.com/rules/axe/4.6/color-contrast?application=axeAPI"
			},
			"recurrence": 0
		},
		{
			"context": "<strong>Barrierefreiheit (Accessebility)...</strong>",
			"selector": "#footer>:nth-child(1)>:nth-child(25)>:nth-child(1)",
			"code": "color-contrast",
			"type": "error",
			"typeCode": 1,
			"message": "Elements must have sufficient color contrast",
			"runner": "axe",
			"runnerExtras": {
				"description": "Ensures the contrast between foreground and background colors meets WCAG 2 AA contrast ratio thresholds",
				"impact": "serious",
				"helpUrl": "https://dequeuniversity.com/rules/axe/4.6/color-contrast?application=axeAPI"
			},
			"recurrence": 0
		},
		{
			"context": "<strong>Webfrontendentwicklung</strong>",
			"selector": "#footer>:nth-child(1)>:nth-child(26)>:nth-child(1)",
			"code": "color-contrast",
			"type": "error",
			"typeCode": 1,
			"message": "Elements must have sufficient color contrast",
			"runner": "axe",
			"runnerExtras": {
				"description": "Ensures the contrast between foreground and background colors meets WCAG 2 AA contrast ratio thresholds",
				"impact": "serious",
				"helpUrl": "https://dequeuniversity.com/rules/axe/4.6/color-contrast?application=axeAPI"
			},
			"recurrence": 0
		},
		{
			"context": "<strong>Webbackendentwicklung</strong>",
			"selector": "#footer>:nth-child(1)>:nth-child(27)>:nth-child(1)",
			"code": "color-contrast",
			"type": "error",
			"typeCode": 1,
			"message": "Elements must have sufficient color contrast",
			"runner": "axe",
			"runnerExtras": {
				"description": "Ensures the contrast between foreground and background colors meets WCAG 2 AA contrast ratio thresholds",
				"impact": "serious",
				"helpUrl": "https://dequeuniversity.com/rules/axe/4.6/color-contrast?application=axeAPI"
			},
			"recurrence": 0
		},
		{
			"context": "<strong>Visuelle Medien</strong>",
			"selector": "#footer>:nth-child(1)>:nth-child(28)>:nth-child(1)",
			"code": "color-contrast",
			"type": "error",
			"typeCode": 1,
			"message": "Elements must have sufficient color contrast",
			"runner": "axe",
			"runnerExtras": {
				"description": "Ensures the contrast between foreground and background colors meets WCAG 2 AA contrast ratio thresholds",
				"impact": "serious",
				"helpUrl": "https://dequeuniversity.com/rules/axe/4.6/color-contrast?application=axeAPI"
			},
			"recurrence": 0
		},
		{
			"context": "<strong>Interfacedesign</strong>",
			"selector": "#footer>:nth-child(1)>:nth-child(29)>:nth-child(1)",
			"code": "color-contrast",
			"type": "error",
			"typeCode": 1,
			"message": "Elements must have sufficient color contrast",
			"runner": "axe",
			"runnerExtras": {
				"description": "Ensures the contrast between foreground and background colors meets WCAG 2 AA contrast ratio thresholds",
				"impact": "serious",
				"helpUrl": "https://dequeuniversity.com/rules/axe/4.6/color-contrast?application=axeAPI"
			},
			"recurrence": 0
		},
		{
			"context": "<strong>Visuelle Kommunikation</strong>",
			"selector": "#footer>:nth-child(1)>:nth-child(30)>:nth-child(1)",
			"code": "color-contrast",
			"type": "error",
			"typeCode": 1,
			"message": "Elements must have sufficient color contrast",
			"runner": "axe",
			"runnerExtras": {
				"description": "Ensures the contrast between foreground and background colors meets WCAG 2 AA contrast ratio thresholds",
				"impact": "serious",
				"helpUrl": "https://dequeuniversity.com/rules/axe/4.6/color-contrast?application=axeAPI"
			},
			"recurrence": 0
		},
		{
			"context": "<strong>Grafikdesign</strong>",
			"selector": "#footer>:nth-child(1)>:nth-child(31)>:nth-child(1)",
			"code": "color-contrast",
			"type": "error",
			"typeCode": 1,
			"message": "Elements must have sufficient color contrast",
			"runner": "axe",
			"runnerExtras": {
				"description": "Ensures the contrast between foreground and background colors meets WCAG 2 AA contrast ratio thresholds",
				"impact": "serious",
				"helpUrl": "https://dequeuniversity.com/rules/axe/4.6/color-contrast?application=axeAPI"
			},
			"recurrence": 0
		},
		{
			"context": "<strong>Screendesign</strong>",
			"selector": "#footer>:nth-child(1)>:nth-child(32)>:nth-child(1)",
			"code": "color-contrast",
			"type": "error",
			"typeCode": 1,
			"message": "Elements must have sufficient color contrast",
			"runner": "axe",
			"runnerExtras": {
				"description": "Ensures the contrast between foreground and background colors meets WCAG 2 AA contrast ratio thresholds",
				"impact": "serious",
				"helpUrl": "https://dequeuniversity.com/rules/axe/4.6/color-contrast?application=axeAPI"
			},
			"recurrence": 0
		},
		{
			"context": "<strong>Typografie</strong>",
			"selector": "#footer>:nth-child(1)>:nth-child(33)>:nth-child(1)",
			"code": "color-contrast",
			"type": "error",
			"typeCode": 1,
			"message": "Elements must have sufficient color contrast",
			"runner": "axe",
			"runnerExtras": {
				"description": "Ensures the contrast between foreground and background colors meets WCAG 2 AA contrast ratio thresholds",
				"impact": "serious",
				"helpUrl": "https://dequeuniversity.com/rules/axe/4.6/color-contrast?application=axeAPI"
			},
			"recurrence": 0
		},
		{
			"context": "<a href=\"VERSION_v0.5.html\" title=\"Version - v0.5\">v0.5</a>",
			"selector": "#footer>:nth-child(1)>:nth-child(34)",
			"code": "color-contrast",
			"type": "error",
			"typeCode": 1,
			"message": "Elements must have sufficient color contrast",
			"runner": "axe",
			"runnerExtras": {
				"description": "Ensures the contrast between foreground and background colors meets WCAG 2 AA contrast ratio thresholds",
				"impact": "serious",
				"helpUrl": "https://dequeuniversity.com/rules/axe/4.6/color-contrast?application=axeAPI"
			},
			"recurrence": 0
		},
		{
			"context": "<a href=\"http://gattner.name/simon\" title=\"Simon Gattner\">Simon Gattner</a>",
			"selector": "#footer>:nth-child(1)>:nth-child(35)",
			"code": "color-contrast",
			"type": "error",
			"typeCode": 1,
			"message": "Elements must have sufficient color contrast",
			"runner": "axe",
			"runnerExtras": {
				"description": "Ensures the contrast between foreground and background colors meets WCAG 2 AA contrast ratio thresholds",
				"impact": "serious",
				"helpUrl": "https://dequeuniversity.com/rules/axe/4.6/color-contrast?application=axeAPI"
			},
			"recurrence": 0
		},
		{
			"context": "<input type=\"text\" class=\"q\" name=\"q\" value=\"\" maxlength=\"50\" alt=\"Suchtext\" id=\"Suchtext\">",
			"selector": "#Suchtext",
			"code": "label",
			"type": "error",
			"typeCode": 1,
			"message": "Form elements must have labels",
			"runner": "axe",
			"runnerExtras": {
				"description": "Ensures every form element has a label",
				"impact": "critical",
				"helpUrl": "https://dequeuniversity.com/rules/axe/4.6/label?application=axeAPI"
			},
			"recurrence": 0
		},
		{
			"context": "<html dir=\"ltr\" lang=\"de\"><head>\n    <title>Impressum - Ha...</html>",
			"selector": "",
			"code": "landmark-one-main",
			"type": "error",
			"typeCode": 1,
			"message": "Document should have one main landmark",
			"runner": "axe",
			"runnerExtras": {
				"description": "Ensures the document has a main landmark",
				"impact": "moderate",
				"helpUrl": "https://dequeuniversity.com/rules/axe/4.6/landmark-one-main?application=axeAPI"
			},
			"recurrence": 0
		},
		{
			"context": "<a href=\"Impressum_Druckvorschau.html\" title=\"Impressum - Seite Druckvorschau\">gedit.net/Impressum,Druckvorscha...</a>",
			"selector": "#footer>:nth-child(1)>:nth-child(1)",
			"code": "link-in-text-block",
			"type": "error",
			"typeCode": 1,
			"message": "Links must be distinguishable without relying on color",
			"runner": "axe",
			"runnerExtras": {
				"description": "Ensure links are distinguished from surrounding text in a way that does not rely on color",
				"impact": "serious",
				"helpUrl": "https://dequeuniversity.com/rules/axe/4.6/link-in-text-block?application=axeAPI"
			},
			"recurrence": 0
		},
		{
			"context": "<div id=\"header-nav\">\n        <h1><a href=\"index.html...</div>",
			"selector": "#header-nav",
			"code": "region",
			"type": "error",
			"typeCode": 1,
			"message": "All page content should be contained by landmarks",
			"runner": "axe",
			"runnerExtras": {
				"description": "Ensures all page content is contained by landmarks",
				"impact": "moderate",
				"helpUrl": "https://dequeuniversity.com/rules/axe/4.6/region?application=axeAPI"
			},
			"recurrence": 0
		},
		{
			"context": "<h1>Suchen</h1>",
			"selector": "#header-search>:nth-child(1)>:nth-child(1)",
			"code": "region",
			"type": "error",
			"typeCode": 1,
			"message": "All page content should be contained by landmarks",
			"runner": "axe",
			"runnerExtras": {
				"description": "Ensures all page content is contained by landmarks",
				"impact": "moderate",
				"helpUrl": "https://dequeuniversity.com/rules/axe/4.6/region?application=axeAPI"
			},
			"recurrence": 0
		},
		{
			"context": "<li>\n                <label for=\"Suc...</li>",
			"selector": "#header-search>:nth-child(1)>:nth-child(2)>:nth-child(1)>:nth-child(1)",
			"code": "region",
			"type": "error",
			"typeCode": 1,
			"message": "All page content should be contained by landmarks",
			"runner": "axe",
			"runnerExtras": {
				"description": "Ensures all page content is contained by landmarks",
				"impact": "moderate",
				"helpUrl": "https://dequeuniversity.com/rules/axe/4.6/region?application=axeAPI"
			},
			"recurrence": 0
		},
		{
			"context": "<div id=\"header-subnav\">\n        <ul>\n          <li><a h...</div>",
			"selector": "#header-subnav",
			"code": "region",
			"type": "error",
			"typeCode": 1,
			"message": "All page content should be contained by landmarks",
			"runner": "axe",
			"runnerExtras": {
				"description": "Ensures all page content is contained by landmarks",
				"impact": "moderate",
				"helpUrl": "https://dequeuniversity.com/rules/axe/4.6/region?application=axeAPI"
			},
			"recurrence": 0
		},
		{
			"context": "<div id=\"content\">\n      <!-- start content left -...</div>",
			"selector": "#content",
			"code": "region",
			"type": "error",
			"typeCode": 1,
			"message": "All page content should be contained by landmarks",
			"runner": "axe",
			"runnerExtras": {
				"description": "Ensures all page content is contained by landmarks",
				"impact": "moderate",
				"helpUrl": "https://dequeuniversity.com/rules/axe/4.6/region?application=axeAPI"
			},
			"recurrence": 0
		},
		{
			"context": "<h1>Suchen</h1>",
			"selector": "#header-search>:nth-child(1)>:nth-child(1)",
			"code": "WCAG2AA.Principle1.Guideline1_4.1_4_3.G18.Abs",
			"type": "warning",
			"typeCode": 2,
			"message": "This element is absolutely positioned and the background color can not be determined. Ensure the contrast ratio between the text and all covered parts of the background are at least 4.5:1.",
			"runner": "htmlcs",
			"recurrence": 0
		},
		{
			"context": "<a class=\"extern\" href=\"http://www.gedit.org\" title=\"gedit is the official text editor of the GNOME desktop environment.\">gedit</a>",
			"selector": "#footer>:nth-child(1)>:nth-child(5)",
			"code": "WCAG2AA.Principle1.Guideline1_4.1_4_3.G18.BgImage",
			"type": "warning",
			"typeCode": 2,
			"message": "This element's text is placed on a background image. Ensure the contrast ratio between the text and all covered parts of the image are at least 4.5:1.",
			"runner": "htmlcs",
			"recurrence": 0
		},
		{
			"context": "<a class=\"extern\" href=\"http://www.gnome.org\">GNOME</a>",
			"selector": "#footer>:nth-child(1)>:nth-child(6)",
			"code": "WCAG2AA.Principle1.Guideline1_4.1_4_3.G18.BgImage",
			"type": "warning",
			"typeCode": 2,
			"message": "This element's text is placed on a background image. Ensure the contrast ratio between the text and all covered parts of the image are at least 4.5:1.",
			"runner": "htmlcs",
			"recurrence": 0
		},
		{
			"context": "<a class=\"extern\" href=\"http://www.gedit.org\" title=\"gedit is the official text editor of the GNOME desktop environment.\">&lt;http://www.gedit.org/&gt;</a>",
			"selector": "#footer>:nth-child(1)>:nth-child(8)",
			"code": "WCAG2AA.Principle1.Guideline1_4.1_4_3.G18.BgImage",
			"type": "warning",
			"typeCode": 2,
			"message": "This element's text is placed on a background image. Ensure the contrast ratio between the text and all covered parts of the image are at least 4.5:1.",
			"runner": "htmlcs",
			"recurrence": 0
		},
		{
			"context": "<button id=\"archiv\" class=\"archiv\" style=\"position: fixed; top: 1rem; left: 1rem; background: orange; color: black; border: 2px solid black; border-radius: 1rem; padding: 1rem; font-size: 2rem;\">Archiv</button>",
			"selector": "#archiv",
			"code": "WCAG2AA.Principle1.Guideline1_4.1_4_3_F24.F24.BGColour",
			"type": "warning",
			"typeCode": 2,
			"message": "Check that this element has an inherited foreground colour to complement the corresponding inline background colour or image.",
			"runner": "htmlcs",
			"recurrence": 0
		},
		{
			"context": "<button id=\"archiv\" class=\"archiv\" style=\"position: fixed; top: 1rem; left: 1rem; background: orange; color: black; border: 2px solid black; border-radius: 1rem; padding: 1rem; font-size: 2rem;\">Archiv</button>",
			"selector": "#archiv",
			"code": "WCAG2AA.Principle1.Guideline1_4.1_4_10.C32,C31,C33,C38,SCR34,G206",
			"type": "warning",
			"typeCode": 2,
			"message": "This element has \"position: fixed\". This may require scrolling in two dimensions, which is considered a failure of this Success Criterion.",
			"runner": "htmlcs",
			"recurrence": 0
		},
		{
			"context": "<a name=\"top\"></a>",
			"selector": "#header>:nth-child(1)",
			"code": "WCAG2AA.Principle4.Guideline4_1.4_1_2.H91.A.EmptyWithName",
			"type": "warning",
			"typeCode": 2,
			"message": "Anchor element found with a name attribute but without a href or link text. Consider moving the name attribute to become an ID of a parent or nearby element.",
			"runner": "htmlcs",
			"recurrence": 0
		},
		{
			"context": "<div id=\"header\">\n      <a name=\"top\"></a>\n      ...</div>",
			"selector": "#header",
			"code": "WCAG2AA.Principle1.Guideline1_3.1_3_1.H48",
			"type": "warning",
			"typeCode": 2,
			"message": "If this element contains a navigation section, it is recommended that it be marked up as a list.",
			"runner": "htmlcs",
			"recurrence": 0
		},
		{
			"context": "<p>\n          Für die Domain gedit....</p>",
			"selector": "#content-left>:nth-child(2)",
			"code": "WCAG2AA.Principle1.Guideline1_3.1_3_1.H48",
			"type": "warning",
			"typeCode": 2,
			"message": "If this element contains a navigation section, it is recommended that it be marked up as a list.",
			"runner": "htmlcs",
			"recurrence": 0
		},
		{
			"context": "<a class=\"extern\" href=\"http://www.gnome.org/projects/gedit/\" title=\"gedit is the official text editor of the GNOME desktop environment.\">&lt;http://www.gnome.org/project...</a>",
			"selector": "#footer>:nth-child(1)>:nth-child(9)",
			"code": "WCAG2AA.Principle1.Guideline1_4.1_4_3.G18.BgImage",
			"type": "warning",
			"typeCode": 2,
			"message": "This element's text is placed on a background image. Ensure the contrast ratio between the text and all covered parts of the image are at least 4.5:1.",
			"runner": "htmlcs",
			"recurrence": 0
		},
		{
			"context": "<a class=\"extern bold\" href=\"http://gattner.name/simon\">Simon Gattner</a>",
			"selector": "#content-left>:nth-child(2)>:nth-child(1)",
			"code": "WCAG2AA.Principle1.Guideline1_4.1_4_3.G18.BgImage",
			"type": "warning",
			"typeCode": 2,
			"message": "This element's text is placed on a background image. Ensure the contrast ratio between the text and all covered parts of the image are at least 4.5:1.",
			"runner": "htmlcs",
			"recurrence": 0
		},
		{
			"context": "<a class=\"extern\" href=\"http://validator.w3.org/check?uri=http%3A%2F%2Fgedit.net%2FImpressum\" title=\"Valid HTML 4.1 Strict\">Valid HTML 4.1 Strict</a>",
			"selector": "#footer>:nth-child(1)>:nth-child(12)",
			"code": "WCAG2AA.Principle1.Guideline1_4.1_4_3.G18.BgImage",
			"type": "warning",
			"typeCode": 2,
			"message": "This element's text is placed on a background image. Ensure the contrast ratio between the text and all covered parts of the image are at least 4.5:1.",
			"runner": "htmlcs",
			"recurrence": 0
		},
		{
			"context": "<a class=\"extern\" href=\"http://jigsaw.w3.org/css-validator/validator?uri=http%3A%2F%2Fgedit.net%2FImpressum&amp;_profile=css3\" title=\"Valid CSS 3.0\">Valid CSS 3.0</a>",
			"selector": "#footer>:nth-child(1)>:nth-child(13)",
			"code": "WCAG2AA.Principle1.Guideline1_4.1_4_3.G18.BgImage",
			"type": "warning",
			"typeCode": 2,
			"message": "This element's text is placed on a background image. Ensure the contrast ratio between the text and all covered parts of the image are at least 4.5:1.",
			"runner": "htmlcs",
			"recurrence": 0
		},
		{
			"context": "<a class=\"extern\" href=\"http://validator.w3.org/feed/check.cgi?url=http%3A%2F%2Fgedit.net%2FRSS\" title=\"Valid RSS Feed\">Valid RSS</a>",
			"selector": "#footer>:nth-child(1)>:nth-child(14)",
			"code": "WCAG2AA.Principle1.Guideline1_4.1_4_3.G18.BgImage",
			"type": "warning",
			"typeCode": 2,
			"message": "This element's text is placed on a background image. Ensure the contrast ratio between the text and all covered parts of the image are at least 4.5:1.",
			"runner": "htmlcs",
			"recurrence": 0
		},
		{
			"context": "<a class=\"extern\" href=\"http://www.access-board.gov/508.htm\" title=\"Section 508 Homepage:  Electronic and Information Technology\">Valid Section 508</a>",
			"selector": "#footer>:nth-child(1)>:nth-child(15)",
			"code": "WCAG2AA.Principle1.Guideline1_4.1_4_3.G18.BgImage",
			"type": "warning",
			"typeCode": 2,
			"message": "This element's text is placed on a background image. Ensure the contrast ratio between the text and all covered parts of the image are at least 4.5:1.",
			"runner": "htmlcs",
			"recurrence": 0
		},
		{
			"context": "<a class=\"extern\" href=\"http://www.w3.org/WAI/WCAG1AA-Conformance\" title=\"Level Double-A Conformance to Web Content Accessibility Guidelines 1.0\">Valid Level Double-A Conformance...</a>",
			"selector": "#footer>:nth-child(1)>:nth-child(16)",
			"code": "WCAG2AA.Principle1.Guideline1_4.1_4_3.G18.BgImage",
			"type": "warning",
			"typeCode": 2,
			"message": "This element's text is placed on a background image. Ensure the contrast ratio between the text and all covered parts of the image are at least 4.5:1.",
			"runner": "htmlcs",
			"recurrence": 0
		},
		{
			"context": "<input type=\"submit\" name=\"finden\" value=\"Finden\" alt=\"Finden\" id=\"Finden\">",
			"selector": "#Finden",
			"code": "color-contrast",
			"type": "warning",
			"typeCode": 2,
			"message": "Elements must have sufficient color contrast",
			"runner": "axe",
			"runnerExtras": {
				"description": "Ensures the contrast between foreground and background colors meets WCAG 2 AA contrast ratio thresholds",
				"impact": "serious",
				"helpUrl": "https://dequeuniversity.com/rules/axe/4.6/color-contrast?application=axeAPI"
			},
			"recurrence": 0
		},
		{
			"context": "<a href=\"index.html\" title=\"Home\">Home</a>",
			"selector": "#header-subnav>:nth-child(1)>:nth-child(1)>:nth-child(1)",
			"code": "color-contrast",
			"type": "warning",
			"typeCode": 2,
			"message": "Elements must have sufficient color contrast",
			"runner": "axe",
			"runnerExtras": {
				"description": "Ensures the contrast between foreground and background colors meets WCAG 2 AA contrast ratio thresholds",
				"impact": "serious",
				"helpUrl": "https://dequeuniversity.com/rules/axe/4.6/color-contrast?application=axeAPI"
			},
			"recurrence": 0
		},
		{
			"context": "<a href=\"Artikel.html\" title=\"Artikel\">Artikel</a>",
			"selector": "#header-subnav>:nth-child(1)>:nth-child(2)>:nth-child(1)",
			"code": "color-contrast",
			"type": "warning",
			"typeCode": 2,
			"message": "Elements must have sufficient color contrast",
			"runner": "axe",
			"runnerExtras": {
				"description": "Ensures the contrast between foreground and background colors meets WCAG 2 AA contrast ratio thresholds",
				"impact": "serious",
				"helpUrl": "https://dequeuniversity.com/rules/axe/4.6/color-contrast?application=axeAPI"
			},
			"recurrence": 0
		},
		{
			"context": "<a href=\"Weblog.html\" title=\"Weblog\">Weblog</a>",
			"selector": "#header-subnav>:nth-child(1)>:nth-child(3)>:nth-child(1)",
			"code": "color-contrast",
			"type": "warning",
			"typeCode": 2,
			"message": "Elements must have sufficient color contrast",
			"runner": "axe",
			"runnerExtras": {
				"description": "Ensures the contrast between foreground and background colors meets WCAG 2 AA contrast ratio thresholds",
				"impact": "serious",
				"helpUrl": "https://dequeuniversity.com/rules/axe/4.6/color-contrast?application=axeAPI"
			},
			"recurrence": 0
		},
		{
			"context": "<a href=\"SITEMAP.html\" title=\"Sitemap\">Sitemap</a>",
			"selector": "#header-subnav>:nth-child(1)>:nth-child(4)>:nth-child(1)",
			"code": "color-contrast",
			"type": "warning",
			"typeCode": 2,
			"message": "Elements must have sufficient color contrast",
			"runner": "axe",
			"runnerExtras": {
				"description": "Ensures the contrast between foreground and background colors meets WCAG 2 AA contrast ratio thresholds",
				"impact": "serious",
				"helpUrl": "https://dequeuniversity.com/rules/axe/4.6/color-contrast?application=axeAPI"
			},
			"recurrence": 0
		},
		{
			"context": "<a href=\"Impressum.html\" title=\"Impressum\">Impressum</a>",
			"selector": "#header-subnav>:nth-child(1)>:nth-child(5)>:nth-child(1)",
			"code": "color-contrast",
			"type": "warning",
			"typeCode": 2,
			"message": "Elements must have sufficient color contrast",
			"runner": "axe",
			"runnerExtras": {
				"description": "Ensures the contrast between foreground and background colors meets WCAG 2 AA contrast ratio thresholds",
				"impact": "serious",
				"helpUrl": "https://dequeuniversity.com/rules/axe/4.6/color-contrast?application=axeAPI"
			},
			"recurrence": 0
		},
		{
			"context": "<a href=\"Kontakt.html\" title=\"Kontakt\">Kontakt</a>",
			"selector": "#header-subnav>:nth-child(1)>:nth-child(6)>:nth-child(1)",
			"code": "color-contrast",
			"type": "warning",
			"typeCode": 2,
			"message": "Elements must have sufficient color contrast",
			"runner": "axe",
			"runnerExtras": {
				"description": "Ensures the contrast between foreground and background colors meets WCAG 2 AA contrast ratio thresholds",
				"impact": "serious",
				"helpUrl": "https://dequeuniversity.com/rules/axe/4.6/color-contrast?application=axeAPI"
			},
			"recurrence": 0
		},
		{
			"context": "<a class=\"extern bold\" href=\"http://gattner.name/simon\">Simon Gattner</a>",
			"selector": "#content-left>:nth-child(2)>:nth-child(1)",
			"code": "color-contrast",
			"type": "warning",
			"typeCode": 2,
			"message": "Elements must have sufficient color contrast",
			"runner": "axe",
			"runnerExtras": {
				"description": "Ensures the contrast between foreground and background colors meets WCAG 2 AA contrast ratio thresholds",
				"impact": "serious",
				"helpUrl": "https://dequeuniversity.com/rules/axe/4.6/color-contrast?application=axeAPI"
			},
			"recurrence": 0
		},
		{
			"context": "<a class=\"extern\" href=\"http://www.gedit.org\" title=\"gedit is the official text editor of the GNOME desktop environment.\">gedit</a>",
			"selector": "#footer>:nth-child(1)>:nth-child(5)",
			"code": "color-contrast",
			"type": "warning",
			"typeCode": 2,
			"message": "Elements must have sufficient color contrast",
			"runner": "axe",
			"runnerExtras": {
				"description": "Ensures the contrast between foreground and background colors meets WCAG 2 AA contrast ratio thresholds",
				"impact": "serious",
				"helpUrl": "https://dequeuniversity.com/rules/axe/4.6/color-contrast?application=axeAPI"
			},
			"recurrence": 0
		},
		{
			"context": "<a class=\"extern\" href=\"http://www.gnome.org\">GNOME</a>",
			"selector": "#footer>:nth-child(1)>:nth-child(6)",
			"code": "color-contrast",
			"type": "warning",
			"typeCode": 2,
			"message": "Elements must have sufficient color contrast",
			"runner": "axe",
			"runnerExtras": {
				"description": "Ensures the contrast between foreground and background colors meets WCAG 2 AA contrast ratio thresholds",
				"impact": "serious",
				"helpUrl": "https://dequeuniversity.com/rules/axe/4.6/color-contrast?application=axeAPI"
			},
			"recurrence": 0
		},
		{
			"context": "<a class=\"extern\" href=\"http://www.gedit.org\" title=\"gedit is the official text editor of the GNOME desktop environment.\">&lt;http://www.gedit.org/&gt;</a>",
			"selector": "#footer>:nth-child(1)>:nth-child(8)",
			"code": "color-contrast",
			"type": "warning",
			"typeCode": 2,
			"message": "Elements must have sufficient color contrast",
			"runner": "axe",
			"runnerExtras": {
				"description": "Ensures the contrast between foreground and background colors meets WCAG 2 AA contrast ratio thresholds",
				"impact": "serious",
				"helpUrl": "https://dequeuniversity.com/rules/axe/4.6/color-contrast?application=axeAPI"
			},
			"recurrence": 0
		},
		{
			"context": "<a class=\"extern\" href=\"http://www.gnome.org/projects/gedit/\" title=\"gedit is the official text editor of the GNOME desktop environment.\">&lt;http://www.gnome.org/project...</a>",
			"selector": "#footer>:nth-child(1)>:nth-child(9)",
			"code": "color-contrast",
			"type": "warning",
			"typeCode": 2,
			"message": "Elements must have sufficient color contrast",
			"runner": "axe",
			"runnerExtras": {
				"description": "Ensures the contrast between foreground and background colors meets WCAG 2 AA contrast ratio thresholds",
				"impact": "serious",
				"helpUrl": "https://dequeuniversity.com/rules/axe/4.6/color-contrast?application=axeAPI"
			},
			"recurrence": 0
		},
		{
			"context": "<a class=\"extern\" href=\"http://validator.w3.org/check?uri=http%3A%2F%2Fgedit.net%2FImpressum\" title=\"Valid HTML 4.1 Strict\">Valid HTML 4.1 Strict</a>",
			"selector": "#footer>:nth-child(1)>:nth-child(12)",
			"code": "color-contrast",
			"type": "warning",
			"typeCode": 2,
			"message": "Elements must have sufficient color contrast",
			"runner": "axe",
			"runnerExtras": {
				"description": "Ensures the contrast between foreground and background colors meets WCAG 2 AA contrast ratio thresholds",
				"impact": "serious",
				"helpUrl": "https://dequeuniversity.com/rules/axe/4.6/color-contrast?application=axeAPI"
			},
			"recurrence": 0
		},
		{
			"context": "<a class=\"extern\" href=\"http://jigsaw.w3.org/css-validator/validator?uri=http%3A%2F%2Fgedit.net%2FImpressum&amp;_profile=css3\" title=\"Valid CSS 3.0\">Valid CSS 3.0</a>",
			"selector": "#footer>:nth-child(1)>:nth-child(13)",
			"code": "color-contrast",
			"type": "warning",
			"typeCode": 2,
			"message": "Elements must have sufficient color contrast",
			"runner": "axe",
			"runnerExtras": {
				"description": "Ensures the contrast between foreground and background colors meets WCAG 2 AA contrast ratio thresholds",
				"impact": "serious",
				"helpUrl": "https://dequeuniversity.com/rules/axe/4.6/color-contrast?application=axeAPI"
			},
			"recurrence": 0
		},
		{
			"context": "<a class=\"extern\" href=\"http://validator.w3.org/feed/check.cgi?url=http%3A%2F%2Fgedit.net%2FRSS\" title=\"Valid RSS Feed\">Valid RSS</a>",
			"selector": "#footer>:nth-child(1)>:nth-child(14)",
			"code": "color-contrast",
			"type": "warning",
			"typeCode": 2,
			"message": "Elements must have sufficient color contrast",
			"runner": "axe",
			"runnerExtras": {
				"description": "Ensures the contrast between foreground and background colors meets WCAG 2 AA contrast ratio thresholds",
				"impact": "serious",
				"helpUrl": "https://dequeuniversity.com/rules/axe/4.6/color-contrast?application=axeAPI"
			},
			"recurrence": 0
		},
		{
			"context": "<a class=\"extern\" href=\"http://www.access-board.gov/508.htm\" title=\"Section 508 Homepage:  Electronic and Information Technology\">Valid Section 508</a>",
			"selector": "#footer>:nth-child(1)>:nth-child(15)",
			"code": "color-contrast",
			"type": "warning",
			"typeCode": 2,
			"message": "Elements must have sufficient color contrast",
			"runner": "axe",
			"runnerExtras": {
				"description": "Ensures the contrast between foreground and background colors meets WCAG 2 AA contrast ratio thresholds",
				"impact": "serious",
				"helpUrl": "https://dequeuniversity.com/rules/axe/4.6/color-contrast?application=axeAPI"
			},
			"recurrence": 0
		},
		{
			"context": "<a class=\"extern\" href=\"http://www.w3.org/WAI/WCAG1AA-Conformance\" title=\"Level Double-A Conformance to Web Content Accessibility Guidelines 1.0\">Valid Level Double-A Conformance...</a>",
			"selector": "#footer>:nth-child(1)>:nth-child(16)",
			"code": "color-contrast",
			"type": "warning",
			"typeCode": 2,
			"message": "Elements must have sufficient color contrast",
			"runner": "axe",
			"runnerExtras": {
				"description": "Ensures the contrast between foreground and background colors meets WCAG 2 AA contrast ratio thresholds",
				"impact": "serious",
				"helpUrl": "https://dequeuniversity.com/rules/axe/4.6/color-contrast?application=axeAPI"
			},
			"recurrence": 0
		},
		{
			"context": "<button id=\"archiv\" class=\"archiv\" style=\"position: fixed; top: 1rem; left: 1rem; background: orange; color: black; border: 2px solid black; border-radius: 1rem; padding: 1rem; font-size: 2rem;\">Archiv</button>",
			"selector": "#archiv",
			"code": "color-contrast",
			"type": "warning",
			"typeCode": 2,
			"message": "Elements must have sufficient color contrast",
			"runner": "axe",
			"runnerExtras": {
				"description": "Ensures the contrast between foreground and background colors meets WCAG 2 AA contrast ratio thresholds",
				"impact": "serious",
				"helpUrl": "https://dequeuniversity.com/rules/axe/4.6/color-contrast?application=axeAPI"
			},
			"recurrence": 0
		}
	],
	"meta": {
		"errorCount": 80,
		"warningCount": 34,
		"noticeCount": 0,
		"accessScore": 80
	},
	"automateable": {
		"missingAltIndexs": []
	}
}
