{
	"documentTitle": "Who Am I - Remote User, Browser and Script Information - Gedit",
	"pageUrl": "https://archiv.gedit.net/Services_WhoAmI.html",
	"issues": [
		{
			"context": "<h1>Who Am I</h1>",
			"selector": "#content-left>:nth-child(1)",
			"code": "WCAG2AA.Principle1.Guideline1_4.1_4_3.G145.Fail",
			"type": "error",
			"typeCode": 1,
			"message": "This element has insufficient contrast at this conformance level. Expected a contrast ratio of at least 3:1, but text in this element has a contrast ratio of 2.93:1. Recommendation:  change text colour to #93949f.",
			"runner": "htmlcs",
			"recurrence": 0
		},
		{
			"context": "<p>\n          $req 17,5 KB - 0 Sec....</p>",
			"selector": "#footer>:nth-child(1)",
			"code": "WCAG2AA.Principle1.Guideline1_4.1_4_3.G18.Fail",
			"type": "error",
			"typeCode": 1,
			"message": "This element has insufficient contrast at this conformance level. Expected a contrast ratio of at least 4.5:1, but text in this element has a contrast ratio of 1.6:1. Recommendation:  change text colour to #677f05.",
			"runner": "htmlcs",
			"recurrence": 0
		},
		{
			"context": "<a href=\"index.html\" title=\"Startseite\">gedit.net/</a>",
			"selector": "#header-nav>:nth-child(1)>:nth-child(1)",
			"code": "WCAG2AA.Principle1.Guideline1_4.1_4_3.G145.Fail",
			"type": "error",
			"typeCode": 1,
			"message": "This element has insufficient contrast at this conformance level. Expected a contrast ratio of at least 3:1, but text in this element has a contrast ratio of 1.83:1. Recommendation:  change background to #70717c.",
			"runner": "htmlcs",
			"recurrence": 0
		},
		{
			"context": "<a href=\"Services.html\" title=\"Services\">Services/</a>",
			"selector": "#header-nav>:nth-child(2)>:nth-child(1)",
			"code": "WCAG2AA.Principle1.Guideline1_4.1_4_3.G145.Fail",
			"type": "error",
			"typeCode": 1,
			"message": "This element has insufficient contrast at this conformance level. Expected a contrast ratio of at least 3:1, but text in this element has a contrast ratio of 1.83:1. Recommendation:  change background to #70717c.",
			"runner": "htmlcs",
			"recurrence": 0
		},
		{
			"context": "<a href=\"Services_WhoAmI.html\" title=\"WhoAmI\">WhoAmI</a>",
			"selector": "#header-nav>:nth-child(3)>:nth-child(1)",
			"code": "WCAG2AA.Principle1.Guideline1_4.1_4_3.G18.Fail",
			"type": "error",
			"typeCode": 1,
			"message": "This element has insufficient contrast at this conformance level. Expected a contrast ratio of at least 4.5:1, but text in this element has a contrast ratio of 1.83:1. Recommendation:  change background to #555661.",
			"runner": "htmlcs",
			"recurrence": 0
		},
		{
			"context": "<li>| <a href=\"Artikel.html\" title=\"...</li>",
			"selector": "#header-subnav>:nth-child(1)>:nth-child(2)",
			"code": "WCAG2AA.Principle1.Guideline1_4.1_4_3.G18.Fail",
			"type": "error",
			"typeCode": 1,
			"message": "This element has insufficient contrast at this conformance level. Expected a contrast ratio of at least 4.5:1, but text in this element has a contrast ratio of 1.83:1. Recommendation:  change text colour to #555661.",
			"runner": "htmlcs",
			"recurrence": 0
		},
		{
			"context": "<li>| <a href=\"Weblog.html\" title=\"W...</li>",
			"selector": "#header-subnav>:nth-child(1)>:nth-child(3)",
			"code": "WCAG2AA.Principle1.Guideline1_4.1_4_3.G18.Fail",
			"type": "error",
			"typeCode": 1,
			"message": "This element has insufficient contrast at this conformance level. Expected a contrast ratio of at least 4.5:1, but text in this element has a contrast ratio of 1.83:1. Recommendation:  change text colour to #555661.",
			"runner": "htmlcs",
			"recurrence": 0
		},
		{
			"context": "<li>| <a href=\"SITEMAP.html\" title=\"...</li>",
			"selector": "#header-subnav>:nth-child(1)>:nth-child(4)",
			"code": "WCAG2AA.Principle1.Guideline1_4.1_4_3.G18.Fail",
			"type": "error",
			"typeCode": 1,
			"message": "This element has insufficient contrast at this conformance level. Expected a contrast ratio of at least 4.5:1, but text in this element has a contrast ratio of 1.83:1. Recommendation:  change text colour to #555661.",
			"runner": "htmlcs",
			"recurrence": 0
		},
		{
			"context": "<li>| <a href=\"Impressum.html\" title...</li>",
			"selector": "#header-subnav>:nth-child(1)>:nth-child(5)",
			"code": "WCAG2AA.Principle1.Guideline1_4.1_4_3.G18.Fail",
			"type": "error",
			"typeCode": 1,
			"message": "This element has insufficient contrast at this conformance level. Expected a contrast ratio of at least 4.5:1, but text in this element has a contrast ratio of 1.83:1. Recommendation:  change text colour to #555661.",
			"runner": "htmlcs",
			"recurrence": 0
		},
		{
			"context": "<li>| <a href=\"Kontakt.html\" title=\"...</li>",
			"selector": "#header-subnav>:nth-child(1)>:nth-child(6)",
			"code": "WCAG2AA.Principle1.Guideline1_4.1_4_3.G18.Fail",
			"type": "error",
			"typeCode": 1,
			"message": "This element has insufficient contrast at this conformance level. Expected a contrast ratio of at least 4.5:1, but text in this element has a contrast ratio of 1.83:1. Recommendation:  change text colour to #555661.",
			"runner": "htmlcs",
			"recurrence": 0
		},
		{
			"context": "<a href=\"http://whoami.gedit.net/\" title=\"//gedit.NET Services - Who Am I\">&lt;http://whoami.gedit.net/&gt;...</a>",
			"selector": "#content-left>:nth-child(39)>:nth-child(1)",
			"code": "WCAG2AA.Principle1.Guideline1_4.1_4_3.G18.Fail",
			"type": "error",
			"typeCode": 1,
			"message": "This element has insufficient contrast at this conformance level. Expected a contrast ratio of at least 4.5:1, but text in this element has a contrast ratio of 1.6:1. Recommendation:  change text colour to #677f05.",
			"runner": "htmlcs",
			"recurrence": 0
		},
		{
			"context": "<a href=\"Services_WhoAmI.html\" title=\"Services_WhoAmI\">gedit.net/Services;WhoAmI</a>",
			"selector": "#footer>:nth-child(1)>:nth-child(1)",
			"code": "WCAG2AA.Principle1.Guideline1_4.1_4_3.G18.Fail",
			"type": "error",
			"typeCode": 1,
			"message": "This element has insufficient contrast at this conformance level. Expected a contrast ratio of at least 4.5:1, but text in this element has a contrast ratio of 2.93:1. Recommendation:  change text colour to #757681.",
			"runner": "htmlcs",
			"recurrence": 0
		},
		{
			"context": "<strong>not</strong>",
			"selector": "#footer>:nth-child(1)>:nth-child(4)",
			"code": "WCAG2AA.Principle1.Guideline1_4.1_4_3.G18.Fail",
			"type": "error",
			"typeCode": 1,
			"message": "This element has insufficient contrast at this conformance level. Expected a contrast ratio of at least 4.5:1, but text in this element has a contrast ratio of 1.6:1. Recommendation:  change text colour to #677f05.",
			"runner": "htmlcs",
			"recurrence": 0
		},
		{
			"context": "<a rel=\"license\" href=\"CC.html\" title=\"Creative Commons Atritbution-NonCommercial 3.0 License\">Creative Commons Attribution-Non...</a>",
			"selector": "#footer>:nth-child(1)>:nth-child(11)",
			"code": "WCAG2AA.Principle1.Guideline1_4.1_4_3.G18.Fail",
			"type": "error",
			"typeCode": 1,
			"message": "This element has insufficient contrast at this conformance level. Expected a contrast ratio of at least 4.5:1, but text in this element has a contrast ratio of 2.93:1. Recommendation:  change text colour to #757681.",
			"runner": "htmlcs",
			"recurrence": 0
		},
		{
			"context": "<a href=\"VERSION_v0.5.html\" title=\"Version - v0.5\">v0.5</a>",
			"selector": "#footer>:nth-child(1)>:nth-child(34)",
			"code": "WCAG2AA.Principle1.Guideline1_4.1_4_3.G18.Fail",
			"type": "error",
			"typeCode": 1,
			"message": "This element has insufficient contrast at this conformance level. Expected a contrast ratio of at least 4.5:1, but text in this element has a contrast ratio of 2.93:1. Recommendation:  change text colour to #757681.",
			"runner": "htmlcs",
			"recurrence": 0
		},
		{
			"context": "<a href=\"http://gattner.name/simon\" title=\"Simon Gattner\">Simon Gattner</a>",
			"selector": "#footer>:nth-child(1)>:nth-child(35)",
			"code": "WCAG2AA.Principle1.Guideline1_4.1_4_3.G18.Fail",
			"type": "error",
			"typeCode": 1,
			"message": "This element has insufficient contrast at this conformance level. Expected a contrast ratio of at least 4.5:1, but text in this element has a contrast ratio of 2.93:1. Recommendation:  change text colour to #757681.",
			"runner": "htmlcs",
			"recurrence": 0
		},
		{
			"context": "<a href=\"index.html\" title=\"Home\">Home</a>",
			"selector": "#header-subnav>:nth-child(1)>:nth-child(1)>:nth-child(1)",
			"code": "WCAG2AA.Principle1.Guideline1_4.1_4_3.G18.Fail",
			"type": "error",
			"typeCode": 1,
			"message": "This element has insufficient contrast at this conformance level. Expected a contrast ratio of at least 4.5:1, but text in this element has a contrast ratio of 1.83:1. Recommendation:  change text colour to #555661.",
			"runner": "htmlcs",
			"recurrence": 0
		},
		{
			"context": "<a href=\"Artikel.html\" title=\"Artikel\">Artikel</a>",
			"selector": "#header-subnav>:nth-child(1)>:nth-child(2)>:nth-child(1)",
			"code": "WCAG2AA.Principle1.Guideline1_4.1_4_3.G18.Fail",
			"type": "error",
			"typeCode": 1,
			"message": "This element has insufficient contrast at this conformance level. Expected a contrast ratio of at least 4.5:1, but text in this element has a contrast ratio of 1.83:1. Recommendation:  change text colour to #555661.",
			"runner": "htmlcs",
			"recurrence": 0
		},
		{
			"context": "<a href=\"Weblog.html\" title=\"Weblog\">Weblog</a>",
			"selector": "#header-subnav>:nth-child(1)>:nth-child(3)>:nth-child(1)",
			"code": "WCAG2AA.Principle1.Guideline1_4.1_4_3.G18.Fail",
			"type": "error",
			"typeCode": 1,
			"message": "This element has insufficient contrast at this conformance level. Expected a contrast ratio of at least 4.5:1, but text in this element has a contrast ratio of 1.83:1. Recommendation:  change text colour to #555661.",
			"runner": "htmlcs",
			"recurrence": 0
		},
		{
			"context": "<a href=\"SITEMAP.html\" title=\"Sitemap\">Sitemap</a>",
			"selector": "#header-subnav>:nth-child(1)>:nth-child(4)>:nth-child(1)",
			"code": "WCAG2AA.Principle1.Guideline1_4.1_4_3.G18.Fail",
			"type": "error",
			"typeCode": 1,
			"message": "This element has insufficient contrast at this conformance level. Expected a contrast ratio of at least 4.5:1, but text in this element has a contrast ratio of 1.83:1. Recommendation:  change text colour to #555661.",
			"runner": "htmlcs",
			"recurrence": 0
		},
		{
			"context": "<a href=\"Impressum.html\" title=\"Impressum\">Impressum</a>",
			"selector": "#header-subnav>:nth-child(1)>:nth-child(5)>:nth-child(1)",
			"code": "WCAG2AA.Principle1.Guideline1_4.1_4_3.G18.Fail",
			"type": "error",
			"typeCode": 1,
			"message": "This element has insufficient contrast at this conformance level. Expected a contrast ratio of at least 4.5:1, but text in this element has a contrast ratio of 1.83:1. Recommendation:  change text colour to #555661.",
			"runner": "htmlcs",
			"recurrence": 0
		},
		{
			"context": "<a href=\"Kontakt.html\" title=\"Kontakt\">Kontakt</a>",
			"selector": "#header-subnav>:nth-child(1)>:nth-child(6)>:nth-child(1)",
			"code": "WCAG2AA.Principle1.Guideline1_4.1_4_3.G18.Fail",
			"type": "error",
			"typeCode": 1,
			"message": "This element has insufficient contrast at this conformance level. Expected a contrast ratio of at least 4.5:1, but text in this element has a contrast ratio of 1.83:1. Recommendation:  change text colour to #555661.",
			"runner": "htmlcs",
			"recurrence": 0
		},
		{
			"context": "<strong><abbr title=\"Hypertext Markup La...</strong>",
			"selector": "#footer>:nth-child(1)>:nth-child(18)>:nth-child(1)",
			"code": "WCAG2AA.Principle1.Guideline1_4.1_4_3.G18.Fail",
			"type": "error",
			"typeCode": 1,
			"message": "This element has insufficient contrast at this conformance level. Expected a contrast ratio of at least 4.5:1, but text in this element has a contrast ratio of 2.93:1. Recommendation:  change text colour to #757681.",
			"runner": "htmlcs",
			"recurrence": 0
		},
		{
			"context": "<strong>Webgestaltung</strong>",
			"selector": "#footer>:nth-child(1)>:nth-child(19)>:nth-child(1)",
			"code": "WCAG2AA.Principle1.Guideline1_4.1_4_3.G18.Fail",
			"type": "error",
			"typeCode": 1,
			"message": "This element has insufficient contrast at this conformance level. Expected a contrast ratio of at least 4.5:1, but text in this element has a contrast ratio of 2.93:1. Recommendation:  change text colour to #757681.",
			"runner": "htmlcs",
			"recurrence": 0
		},
		{
			"context": "<strong>Webentwicklung</strong>",
			"selector": "#footer>:nth-child(1)>:nth-child(20)>:nth-child(1)",
			"code": "WCAG2AA.Principle1.Guideline1_4.1_4_3.G18.Fail",
			"type": "error",
			"typeCode": 1,
			"message": "This element has insufficient contrast at this conformance level. Expected a contrast ratio of at least 4.5:1, but text in this element has a contrast ratio of 2.93:1. Recommendation:  change text colour to #757681.",
			"runner": "htmlcs",
			"recurrence": 0
		},
		{
			"context": "<strong>Webdesign</strong>",
			"selector": "#footer>:nth-child(1)>:nth-child(21)>:nth-child(1)",
			"code": "WCAG2AA.Principle1.Guideline1_4.1_4_3.G18.Fail",
			"type": "error",
			"typeCode": 1,
			"message": "This element has insufficient contrast at this conformance level. Expected a contrast ratio of at least 4.5:1, but text in this element has a contrast ratio of 2.93:1. Recommendation:  change text colour to #757681.",
			"runner": "htmlcs",
			"recurrence": 0
		},
		{
			"context": "<strong>Webdevelopment</strong>",
			"selector": "#footer>:nth-child(1)>:nth-child(22)>:nth-child(1)",
			"code": "WCAG2AA.Principle1.Guideline1_4.1_4_3.G18.Fail",
			"type": "error",
			"typeCode": 1,
			"message": "This element has insufficient contrast at this conformance level. Expected a contrast ratio of at least 4.5:1, but text in this element has a contrast ratio of 2.93:1. Recommendation:  change text colour to #757681.",
			"runner": "htmlcs",
			"recurrence": 0
		},
		{
			"context": "<strong>Webstandards</strong>",
			"selector": "#footer>:nth-child(1)>:nth-child(23)>:nth-child(1)",
			"code": "WCAG2AA.Principle1.Guideline1_4.1_4_3.G18.Fail",
			"type": "error",
			"typeCode": 1,
			"message": "This element has insufficient contrast at this conformance level. Expected a contrast ratio of at least 4.5:1, but text in this element has a contrast ratio of 2.93:1. Recommendation:  change text colour to #757681.",
			"runner": "htmlcs",
			"recurrence": 0
		},
		{
			"context": "<strong>Benutzerfreundlichkeit (Usabilit...</strong>",
			"selector": "#footer>:nth-child(1)>:nth-child(24)>:nth-child(1)",
			"code": "WCAG2AA.Principle1.Guideline1_4.1_4_3.G18.Fail",
			"type": "error",
			"typeCode": 1,
			"message": "This element has insufficient contrast at this conformance level. Expected a contrast ratio of at least 4.5:1, but text in this element has a contrast ratio of 2.93:1. Recommendation:  change text colour to #757681.",
			"runner": "htmlcs",
			"recurrence": 0
		},
		{
			"context": "<strong>Barrierefreiheit (Accessebility)...</strong>",
			"selector": "#footer>:nth-child(1)>:nth-child(25)>:nth-child(1)",
			"code": "WCAG2AA.Principle1.Guideline1_4.1_4_3.G18.Fail",
			"type": "error",
			"typeCode": 1,
			"message": "This element has insufficient contrast at this conformance level. Expected a contrast ratio of at least 4.5:1, but text in this element has a contrast ratio of 2.93:1. Recommendation:  change text colour to #757681.",
			"runner": "htmlcs",
			"recurrence": 0
		},
		{
			"context": "<strong>Webfrontendentwicklung</strong>",
			"selector": "#footer>:nth-child(1)>:nth-child(26)>:nth-child(1)",
			"code": "WCAG2AA.Principle1.Guideline1_4.1_4_3.G18.Fail",
			"type": "error",
			"typeCode": 1,
			"message": "This element has insufficient contrast at this conformance level. Expected a contrast ratio of at least 4.5:1, but text in this element has a contrast ratio of 2.93:1. Recommendation:  change text colour to #757681.",
			"runner": "htmlcs",
			"recurrence": 0
		},
		{
			"context": "<strong>Webbackendentwicklung</strong>",
			"selector": "#footer>:nth-child(1)>:nth-child(27)>:nth-child(1)",
			"code": "WCAG2AA.Principle1.Guideline1_4.1_4_3.G18.Fail",
			"type": "error",
			"typeCode": 1,
			"message": "This element has insufficient contrast at this conformance level. Expected a contrast ratio of at least 4.5:1, but text in this element has a contrast ratio of 2.93:1. Recommendation:  change text colour to #757681.",
			"runner": "htmlcs",
			"recurrence": 0
		},
		{
			"context": "<strong>Visuelle Medien</strong>",
			"selector": "#footer>:nth-child(1)>:nth-child(28)>:nth-child(1)",
			"code": "WCAG2AA.Principle1.Guideline1_4.1_4_3.G18.Fail",
			"type": "error",
			"typeCode": 1,
			"message": "This element has insufficient contrast at this conformance level. Expected a contrast ratio of at least 4.5:1, but text in this element has a contrast ratio of 2.93:1. Recommendation:  change text colour to #757681.",
			"runner": "htmlcs",
			"recurrence": 0
		},
		{
			"context": "<strong>Interfacedesign</strong>",
			"selector": "#footer>:nth-child(1)>:nth-child(29)>:nth-child(1)",
			"code": "WCAG2AA.Principle1.Guideline1_4.1_4_3.G18.Fail",
			"type": "error",
			"typeCode": 1,
			"message": "This element has insufficient contrast at this conformance level. Expected a contrast ratio of at least 4.5:1, but text in this element has a contrast ratio of 2.93:1. Recommendation:  change text colour to #757681.",
			"runner": "htmlcs",
			"recurrence": 0
		},
		{
			"context": "<strong>Visuelle Kommunikation</strong>",
			"selector": "#footer>:nth-child(1)>:nth-child(30)>:nth-child(1)",
			"code": "WCAG2AA.Principle1.Guideline1_4.1_4_3.G18.Fail",
			"type": "error",
			"typeCode": 1,
			"message": "This element has insufficient contrast at this conformance level. Expected a contrast ratio of at least 4.5:1, but text in this element has a contrast ratio of 2.93:1. Recommendation:  change text colour to #757681.",
			"runner": "htmlcs",
			"recurrence": 0
		},
		{
			"context": "<strong>Grafikdesign</strong>",
			"selector": "#footer>:nth-child(1)>:nth-child(31)>:nth-child(1)",
			"code": "WCAG2AA.Principle1.Guideline1_4.1_4_3.G18.Fail",
			"type": "error",
			"typeCode": 1,
			"message": "This element has insufficient contrast at this conformance level. Expected a contrast ratio of at least 4.5:1, but text in this element has a contrast ratio of 2.93:1. Recommendation:  change text colour to #757681.",
			"runner": "htmlcs",
			"recurrence": 0
		},
		{
			"context": "<strong>Screendesign</strong>",
			"selector": "#footer>:nth-child(1)>:nth-child(32)>:nth-child(1)",
			"code": "WCAG2AA.Principle1.Guideline1_4.1_4_3.G18.Fail",
			"type": "error",
			"typeCode": 1,
			"message": "This element has insufficient contrast at this conformance level. Expected a contrast ratio of at least 4.5:1, but text in this element has a contrast ratio of 2.93:1. Recommendation:  change text colour to #757681.",
			"runner": "htmlcs",
			"recurrence": 0
		},
		{
			"context": "<strong>Typografie</strong>",
			"selector": "#footer>:nth-child(1)>:nth-child(33)>:nth-child(1)",
			"code": "WCAG2AA.Principle1.Guideline1_4.1_4_3.G18.Fail",
			"type": "error",
			"typeCode": 1,
			"message": "This element has insufficient contrast at this conformance level. Expected a contrast ratio of at least 4.5:1, but text in this element has a contrast ratio of 2.93:1. Recommendation:  change text colour to #757681.",
			"runner": "htmlcs",
			"recurrence": 0
		},
		{
			"context": "<abbr title=\"Hypertext Markup Language\">HTML</abbr>",
			"selector": "#footer>:nth-child(1)>:nth-child(18)>:nth-child(1)>:nth-child(1)",
			"code": "WCAG2AA.Principle1.Guideline1_4.1_4_3.G18.Fail",
			"type": "error",
			"typeCode": 1,
			"message": "This element has insufficient contrast at this conformance level. Expected a contrast ratio of at least 4.5:1, but text in this element has a contrast ratio of 2.93:1. Recommendation:  change text colour to #757681.",
			"runner": "htmlcs",
			"recurrence": 0
		},
		{
			"context": "<abbr title=\"Cascading Style Sheet\">CSS</abbr>",
			"selector": "#footer>:nth-child(1)>:nth-child(18)>:nth-child(1)>:nth-child(2)",
			"code": "WCAG2AA.Principle1.Guideline1_4.1_4_3.G18.Fail",
			"type": "error",
			"typeCode": 1,
			"message": "This element has insufficient contrast at this conformance level. Expected a contrast ratio of at least 4.5:1, but text in this element has a contrast ratio of 2.93:1. Recommendation:  change text colour to #757681.",
			"runner": "htmlcs",
			"recurrence": 0
		},
		{
			"context": "<a href=\"index.html\" title=\"Startseite\">gedit.net/</a>",
			"selector": "#header-nav>:nth-child(1)>:nth-child(1)",
			"code": "color-contrast",
			"type": "error",
			"typeCode": 1,
			"message": "Elements must have sufficient color contrast",
			"runner": "axe",
			"runnerExtras": {
				"description": "Ensures the contrast between foreground and background colors meets WCAG 2 AA contrast ratio thresholds",
				"impact": "serious",
				"helpUrl": "https://dequeuniversity.com/rules/axe/4.6/color-contrast?application=axeAPI"
			},
			"recurrence": 0
		},
		{
			"context": "<a href=\"Services.html\" title=\"Services\">Services/</a>",
			"selector": "#header-nav>:nth-child(2)>:nth-child(1)",
			"code": "color-contrast",
			"type": "error",
			"typeCode": 1,
			"message": "Elements must have sufficient color contrast",
			"runner": "axe",
			"runnerExtras": {
				"description": "Ensures the contrast between foreground and background colors meets WCAG 2 AA contrast ratio thresholds",
				"impact": "serious",
				"helpUrl": "https://dequeuniversity.com/rules/axe/4.6/color-contrast?application=axeAPI"
			},
			"recurrence": 0
		},
		{
			"context": "<a href=\"Services_WhoAmI.html\" title=\"WhoAmI\">WhoAmI</a>",
			"selector": "#header-nav>:nth-child(3)>:nth-child(1)",
			"code": "color-contrast",
			"type": "error",
			"typeCode": 1,
			"message": "Elements must have sufficient color contrast",
			"runner": "axe",
			"runnerExtras": {
				"description": "Ensures the contrast between foreground and background colors meets WCAG 2 AA contrast ratio thresholds",
				"impact": "serious",
				"helpUrl": "https://dequeuniversity.com/rules/axe/4.6/color-contrast?application=axeAPI"
			},
			"recurrence": 0
		},
		{
			"context": "<h1>Suchen</h1>",
			"selector": "#header-search>:nth-child(1)>:nth-child(1)",
			"code": "color-contrast",
			"type": "error",
			"typeCode": 1,
			"message": "Elements must have sufficient color contrast",
			"runner": "axe",
			"runnerExtras": {
				"description": "Ensures the contrast between foreground and background colors meets WCAG 2 AA contrast ratio thresholds",
				"impact": "serious",
				"helpUrl": "https://dequeuniversity.com/rules/axe/4.6/color-contrast?application=axeAPI"
			},
			"recurrence": 0
		},
		{
			"context": "<input type=\"text\" class=\"q\" name=\"q\" value=\"\" maxlength=\"50\" alt=\"Suchtext\" id=\"Suchtext\">",
			"selector": "#Suchtext",
			"code": "color-contrast",
			"type": "error",
			"typeCode": 1,
			"message": "Elements must have sufficient color contrast",
			"runner": "axe",
			"runnerExtras": {
				"description": "Ensures the contrast between foreground and background colors meets WCAG 2 AA contrast ratio thresholds",
				"impact": "serious",
				"helpUrl": "https://dequeuniversity.com/rules/axe/4.6/color-contrast?application=axeAPI"
			},
			"recurrence": 0
		},
		{
			"context": "<h1>Who Am I</h1>",
			"selector": "#content-left>:nth-child(1)",
			"code": "color-contrast",
			"type": "error",
			"typeCode": 1,
			"message": "Elements must have sufficient color contrast",
			"runner": "axe",
			"runnerExtras": {
				"description": "Ensures the contrast between foreground and background colors meets WCAG 2 AA contrast ratio thresholds",
				"impact": "serious",
				"helpUrl": "https://dequeuniversity.com/rules/axe/4.6/color-contrast?application=axeAPI"
			},
			"recurrence": 0
		},
		{
			"context": "<a href=\"http://whoami.gedit.net/\" title=\"//gedit.NET Services - Who Am I\">&lt;http://whoami.gedit.net/&gt;...</a>",
			"selector": "#content-left>:nth-child(39)>:nth-child(1)",
			"code": "color-contrast",
			"type": "error",
			"typeCode": 1,
			"message": "Elements must have sufficient color contrast",
			"runner": "axe",
			"runnerExtras": {
				"description": "Ensures the contrast between foreground and background colors meets WCAG 2 AA contrast ratio thresholds",
				"impact": "serious",
				"helpUrl": "https://dequeuniversity.com/rules/axe/4.6/color-contrast?application=axeAPI"
			},
			"recurrence": 0
		},
		{
			"context": "<p>\n          $req 17,5 KB - 0 Sec....</p>",
			"selector": "#footer>:nth-child(1)",
			"code": "color-contrast",
			"type": "error",
			"typeCode": 1,
			"message": "Elements must have sufficient color contrast",
			"runner": "axe",
			"runnerExtras": {
				"description": "Ensures the contrast between foreground and background colors meets WCAG 2 AA contrast ratio thresholds",
				"impact": "serious",
				"helpUrl": "https://dequeuniversity.com/rules/axe/4.6/color-contrast?application=axeAPI"
			},
			"recurrence": 0
		},
		{
			"context": "<a href=\"Services_WhoAmI.html\" title=\"Services_WhoAmI\">gedit.net/Services;WhoAmI</a>",
			"selector": "#footer>:nth-child(1)>:nth-child(1)",
			"code": "color-contrast",
			"type": "error",
			"typeCode": 1,
			"message": "Elements must have sufficient color contrast",
			"runner": "axe",
			"runnerExtras": {
				"description": "Ensures the contrast between foreground and background colors meets WCAG 2 AA contrast ratio thresholds",
				"impact": "serious",
				"helpUrl": "https://dequeuniversity.com/rules/axe/4.6/color-contrast?application=axeAPI"
			},
			"recurrence": 0
		},
		{
			"context": "<strong>not</strong>",
			"selector": "#footer>:nth-child(1)>:nth-child(4)",
			"code": "color-contrast",
			"type": "error",
			"typeCode": 1,
			"message": "Elements must have sufficient color contrast",
			"runner": "axe",
			"runnerExtras": {
				"description": "Ensures the contrast between foreground and background colors meets WCAG 2 AA contrast ratio thresholds",
				"impact": "serious",
				"helpUrl": "https://dequeuniversity.com/rules/axe/4.6/color-contrast?application=axeAPI"
			},
			"recurrence": 0
		},
		{
			"context": "<a rel=\"license\" href=\"CC.html\" title=\"Creative Commons Atritbution-NonCommercial 3.0 License\">Creative Commons Attribution-Non...</a>",
			"selector": "#footer>:nth-child(1)>:nth-child(11)",
			"code": "color-contrast",
			"type": "error",
			"typeCode": 1,
			"message": "Elements must have sufficient color contrast",
			"runner": "axe",
			"runnerExtras": {
				"description": "Ensures the contrast between foreground and background colors meets WCAG 2 AA contrast ratio thresholds",
				"impact": "serious",
				"helpUrl": "https://dequeuniversity.com/rules/axe/4.6/color-contrast?application=axeAPI"
			},
			"recurrence": 0
		},
		{
			"context": "<strong><abbr title=\"Hypertext Markup La...</strong>",
			"selector": "#footer>:nth-child(1)>:nth-child(18)>:nth-child(1)",
			"code": "color-contrast",
			"type": "error",
			"typeCode": 1,
			"message": "Elements must have sufficient color contrast",
			"runner": "axe",
			"runnerExtras": {
				"description": "Ensures the contrast between foreground and background colors meets WCAG 2 AA contrast ratio thresholds",
				"impact": "serious",
				"helpUrl": "https://dequeuniversity.com/rules/axe/4.6/color-contrast?application=axeAPI"
			},
			"recurrence": 0
		},
		{
			"context": "<abbr title=\"Hypertext Markup Language\">HTML</abbr>",
			"selector": "#footer>:nth-child(1)>:nth-child(18)>:nth-child(1)>:nth-child(1)",
			"code": "color-contrast",
			"type": "error",
			"typeCode": 1,
			"message": "Elements must have sufficient color contrast",
			"runner": "axe",
			"runnerExtras": {
				"description": "Ensures the contrast between foreground and background colors meets WCAG 2 AA contrast ratio thresholds",
				"impact": "serious",
				"helpUrl": "https://dequeuniversity.com/rules/axe/4.6/color-contrast?application=axeAPI"
			},
			"recurrence": 0
		},
		{
			"context": "<abbr title=\"Cascading Style Sheet\">CSS</abbr>",
			"selector": "#footer>:nth-child(1)>:nth-child(18)>:nth-child(1)>:nth-child(2)",
			"code": "color-contrast",
			"type": "error",
			"typeCode": 1,
			"message": "Elements must have sufficient color contrast",
			"runner": "axe",
			"runnerExtras": {
				"description": "Ensures the contrast between foreground and background colors meets WCAG 2 AA contrast ratio thresholds",
				"impact": "serious",
				"helpUrl": "https://dequeuniversity.com/rules/axe/4.6/color-contrast?application=axeAPI"
			},
			"recurrence": 0
		},
		{
			"context": "<strong>Webgestaltung</strong>",
			"selector": "#footer>:nth-child(1)>:nth-child(19)>:nth-child(1)",
			"code": "color-contrast",
			"type": "error",
			"typeCode": 1,
			"message": "Elements must have sufficient color contrast",
			"runner": "axe",
			"runnerExtras": {
				"description": "Ensures the contrast between foreground and background colors meets WCAG 2 AA contrast ratio thresholds",
				"impact": "serious",
				"helpUrl": "https://dequeuniversity.com/rules/axe/4.6/color-contrast?application=axeAPI"
			},
			"recurrence": 0
		},
		{
			"context": "<strong>Webentwicklung</strong>",
			"selector": "#footer>:nth-child(1)>:nth-child(20)>:nth-child(1)",
			"code": "color-contrast",
			"type": "error",
			"typeCode": 1,
			"message": "Elements must have sufficient color contrast",
			"runner": "axe",
			"runnerExtras": {
				"description": "Ensures the contrast between foreground and background colors meets WCAG 2 AA contrast ratio thresholds",
				"impact": "serious",
				"helpUrl": "https://dequeuniversity.com/rules/axe/4.6/color-contrast?application=axeAPI"
			},
			"recurrence": 0
		},
		{
			"context": "<strong>Webdesign</strong>",
			"selector": "#footer>:nth-child(1)>:nth-child(21)>:nth-child(1)",
			"code": "color-contrast",
			"type": "error",
			"typeCode": 1,
			"message": "Elements must have sufficient color contrast",
			"runner": "axe",
			"runnerExtras": {
				"description": "Ensures the contrast between foreground and background colors meets WCAG 2 AA contrast ratio thresholds",
				"impact": "serious",
				"helpUrl": "https://dequeuniversity.com/rules/axe/4.6/color-contrast?application=axeAPI"
			},
			"recurrence": 0
		},
		{
			"context": "<strong>Webdevelopment</strong>",
			"selector": "#footer>:nth-child(1)>:nth-child(22)>:nth-child(1)",
			"code": "color-contrast",
			"type": "error",
			"typeCode": 1,
			"message": "Elements must have sufficient color contrast",
			"runner": "axe",
			"runnerExtras": {
				"description": "Ensures the contrast between foreground and background colors meets WCAG 2 AA contrast ratio thresholds",
				"impact": "serious",
				"helpUrl": "https://dequeuniversity.com/rules/axe/4.6/color-contrast?application=axeAPI"
			},
			"recurrence": 0
		},
		{
			"context": "<strong>Webstandards</strong>",
			"selector": "#footer>:nth-child(1)>:nth-child(23)>:nth-child(1)",
			"code": "color-contrast",
			"type": "error",
			"typeCode": 1,
			"message": "Elements must have sufficient color contrast",
			"runner": "axe",
			"runnerExtras": {
				"description": "Ensures the contrast between foreground and background colors meets WCAG 2 AA contrast ratio thresholds",
				"impact": "serious",
				"helpUrl": "https://dequeuniversity.com/rules/axe/4.6/color-contrast?application=axeAPI"
			},
			"recurrence": 0
		},
		{
			"context": "<strong>Benutzerfreundlichkeit (Usabilit...</strong>",
			"selector": "#footer>:nth-child(1)>:nth-child(24)>:nth-child(1)",
			"code": "color-contrast",
			"type": "error",
			"typeCode": 1,
			"message": "Elements must have sufficient color contrast",
			"runner": "axe",
			"runnerExtras": {
				"description": "Ensures the contrast between foreground and background colors meets WCAG 2 AA contrast ratio thresholds",
				"impact": "serious",
				"helpUrl": "https://dequeuniversity.com/rules/axe/4.6/color-contrast?application=axeAPI"
			},
			"recurrence": 0
		},
		{
			"context": "<strong>Barrierefreiheit (Accessebility)...</strong>",
			"selector": "#footer>:nth-child(1)>:nth-child(25)>:nth-child(1)",
			"code": "color-contrast",
			"type": "error",
			"typeCode": 1,
			"message": "Elements must have sufficient color contrast",
			"runner": "axe",
			"runnerExtras": {
				"description": "Ensures the contrast between foreground and background colors meets WCAG 2 AA contrast ratio thresholds",
				"impact": "serious",
				"helpUrl": "https://dequeuniversity.com/rules/axe/4.6/color-contrast?application=axeAPI"
			},
			"recurrence": 0
		},
		{
			"context": "<strong>Webfrontendentwicklung</strong>",
			"selector": "#footer>:nth-child(1)>:nth-child(26)>:nth-child(1)",
			"code": "color-contrast",
			"type": "error",
			"typeCode": 1,
			"message": "Elements must have sufficient color contrast",
			"runner": "axe",
			"runnerExtras": {
				"description": "Ensures the contrast between foreground and background colors meets WCAG 2 AA contrast ratio thresholds",
				"impact": "serious",
				"helpUrl": "https://dequeuniversity.com/rules/axe/4.6/color-contrast?application=axeAPI"
			},
			"recurrence": 0
		},
		{
			"context": "<strong>Webbackendentwicklung</strong>",
			"selector": "#footer>:nth-child(1)>:nth-child(27)>:nth-child(1)",
			"code": "color-contrast",
			"type": "error",
			"typeCode": 1,
			"message": "Elements must have sufficient color contrast",
			"runner": "axe",
			"runnerExtras": {
				"description": "Ensures the contrast between foreground and background colors meets WCAG 2 AA contrast ratio thresholds",
				"impact": "serious",
				"helpUrl": "https://dequeuniversity.com/rules/axe/4.6/color-contrast?application=axeAPI"
			},
			"recurrence": 0
		},
		{
			"context": "<strong>Visuelle Medien</strong>",
			"selector": "#footer>:nth-child(1)>:nth-child(28)>:nth-child(1)",
			"code": "color-contrast",
			"type": "error",
			"typeCode": 1,
			"message": "Elements must have sufficient color contrast",
			"runner": "axe",
			"runnerExtras": {
				"description": "Ensures the contrast between foreground and background colors meets WCAG 2 AA contrast ratio thresholds",
				"impact": "serious",
				"helpUrl": "https://dequeuniversity.com/rules/axe/4.6/color-contrast?application=axeAPI"
			},
			"recurrence": 0
		},
		{
			"context": "<strong>Interfacedesign</strong>",
			"selector": "#footer>:nth-child(1)>:nth-child(29)>:nth-child(1)",
			"code": "color-contrast",
			"type": "error",
			"typeCode": 1,
			"message": "Elements must have sufficient color contrast",
			"runner": "axe",
			"runnerExtras": {
				"description": "Ensures the contrast between foreground and background colors meets WCAG 2 AA contrast ratio thresholds",
				"impact": "serious",
				"helpUrl": "https://dequeuniversity.com/rules/axe/4.6/color-contrast?application=axeAPI"
			},
			"recurrence": 0
		},
		{
			"context": "<strong>Visuelle Kommunikation</strong>",
			"selector": "#footer>:nth-child(1)>:nth-child(30)>:nth-child(1)",
			"code": "color-contrast",
			"type": "error",
			"typeCode": 1,
			"message": "Elements must have sufficient color contrast",
			"runner": "axe",
			"runnerExtras": {
				"description": "Ensures the contrast between foreground and background colors meets WCAG 2 AA contrast ratio thresholds",
				"impact": "serious",
				"helpUrl": "https://dequeuniversity.com/rules/axe/4.6/color-contrast?application=axeAPI"
			},
			"recurrence": 0
		},
		{
			"context": "<strong>Grafikdesign</strong>",
			"selector": "#footer>:nth-child(1)>:nth-child(31)>:nth-child(1)",
			"code": "color-contrast",
			"type": "error",
			"typeCode": 1,
			"message": "Elements must have sufficient color contrast",
			"runner": "axe",
			"runnerExtras": {
				"description": "Ensures the contrast between foreground and background colors meets WCAG 2 AA contrast ratio thresholds",
				"impact": "serious",
				"helpUrl": "https://dequeuniversity.com/rules/axe/4.6/color-contrast?application=axeAPI"
			},
			"recurrence": 0
		},
		{
			"context": "<strong>Screendesign</strong>",
			"selector": "#footer>:nth-child(1)>:nth-child(32)>:nth-child(1)",
			"code": "color-contrast",
			"type": "error",
			"typeCode": 1,
			"message": "Elements must have sufficient color contrast",
			"runner": "axe",
			"runnerExtras": {
				"description": "Ensures the contrast between foreground and background colors meets WCAG 2 AA contrast ratio thresholds",
				"impact": "serious",
				"helpUrl": "https://dequeuniversity.com/rules/axe/4.6/color-contrast?application=axeAPI"
			},
			"recurrence": 0
		},
		{
			"context": "<strong>Typografie</strong>",
			"selector": "#footer>:nth-child(1)>:nth-child(33)>:nth-child(1)",
			"code": "color-contrast",
			"type": "error",
			"typeCode": 1,
			"message": "Elements must have sufficient color contrast",
			"runner": "axe",
			"runnerExtras": {
				"description": "Ensures the contrast between foreground and background colors meets WCAG 2 AA contrast ratio thresholds",
				"impact": "serious",
				"helpUrl": "https://dequeuniversity.com/rules/axe/4.6/color-contrast?application=axeAPI"
			},
			"recurrence": 0
		},
		{
			"context": "<a href=\"VERSION_v0.5.html\" title=\"Version - v0.5\">v0.5</a>",
			"selector": "#footer>:nth-child(1)>:nth-child(34)",
			"code": "color-contrast",
			"type": "error",
			"typeCode": 1,
			"message": "Elements must have sufficient color contrast",
			"runner": "axe",
			"runnerExtras": {
				"description": "Ensures the contrast between foreground and background colors meets WCAG 2 AA contrast ratio thresholds",
				"impact": "serious",
				"helpUrl": "https://dequeuniversity.com/rules/axe/4.6/color-contrast?application=axeAPI"
			},
			"recurrence": 0
		},
		{
			"context": "<a href=\"http://gattner.name/simon\" title=\"Simon Gattner\">Simon Gattner</a>",
			"selector": "#footer>:nth-child(1)>:nth-child(35)",
			"code": "color-contrast",
			"type": "error",
			"typeCode": 1,
			"message": "Elements must have sufficient color contrast",
			"runner": "axe",
			"runnerExtras": {
				"description": "Ensures the contrast between foreground and background colors meets WCAG 2 AA contrast ratio thresholds",
				"impact": "serious",
				"helpUrl": "https://dequeuniversity.com/rules/axe/4.6/color-contrast?application=axeAPI"
			},
			"recurrence": 0
		},
		{
			"context": "<input type=\"text\" class=\"q\" name=\"q\" value=\"\" maxlength=\"50\" alt=\"Suchtext\" id=\"Suchtext\">",
			"selector": "#Suchtext",
			"code": "label",
			"type": "error",
			"typeCode": 1,
			"message": "Form elements must have labels",
			"runner": "axe",
			"runnerExtras": {
				"description": "Ensures every form element has a label",
				"impact": "critical",
				"helpUrl": "https://dequeuniversity.com/rules/axe/4.6/label?application=axeAPI"
			},
			"recurrence": 0
		},
		{
			"context": "<html dir=\"ltr\" lang=\"de\"><head>\n    <title>\n      Who Am ...</html>",
			"selector": "",
			"code": "landmark-one-main",
			"type": "error",
			"typeCode": 1,
			"message": "Document should have one main landmark",
			"runner": "axe",
			"runnerExtras": {
				"description": "Ensures the document has a main landmark",
				"impact": "moderate",
				"helpUrl": "https://dequeuniversity.com/rules/axe/4.6/landmark-one-main?application=axeAPI"
			},
			"recurrence": 0
		},
		{
			"context": "<a href=\"Services_WhoAmI.html\" title=\"Services_WhoAmI\">gedit.net/Services;WhoAmI</a>",
			"selector": "#footer>:nth-child(1)>:nth-child(1)",
			"code": "link-in-text-block",
			"type": "error",
			"typeCode": 1,
			"message": "Links must be distinguishable without relying on color",
			"runner": "axe",
			"runnerExtras": {
				"description": "Ensure links are distinguished from surrounding text in a way that does not rely on color",
				"impact": "serious",
				"helpUrl": "https://dequeuniversity.com/rules/axe/4.6/link-in-text-block?application=axeAPI"
			},
			"recurrence": 0
		},
		{
			"context": "<div id=\"header-nav\">\n        <h1><a href=\"index.html...</div>",
			"selector": "#header-nav",
			"code": "region",
			"type": "error",
			"typeCode": 1,
			"message": "All page content should be contained by landmarks",
			"runner": "axe",
			"runnerExtras": {
				"description": "Ensures all page content is contained by landmarks",
				"impact": "moderate",
				"helpUrl": "https://dequeuniversity.com/rules/axe/4.6/region?application=axeAPI"
			},
			"recurrence": 0
		},
		{
			"context": "<h1>Suchen</h1>",
			"selector": "#header-search>:nth-child(1)>:nth-child(1)",
			"code": "region",
			"type": "error",
			"typeCode": 1,
			"message": "All page content should be contained by landmarks",
			"runner": "axe",
			"runnerExtras": {
				"description": "Ensures all page content is contained by landmarks",
				"impact": "moderate",
				"helpUrl": "https://dequeuniversity.com/rules/axe/4.6/region?application=axeAPI"
			},
			"recurrence": 0
		},
		{
			"context": "<li>\n                <label for=\"Suc...</li>",
			"selector": "#header-search>:nth-child(1)>:nth-child(2)>:nth-child(1)>:nth-child(1)",
			"code": "region",
			"type": "error",
			"typeCode": 1,
			"message": "All page content should be contained by landmarks",
			"runner": "axe",
			"runnerExtras": {
				"description": "Ensures all page content is contained by landmarks",
				"impact": "moderate",
				"helpUrl": "https://dequeuniversity.com/rules/axe/4.6/region?application=axeAPI"
			},
			"recurrence": 0
		},
		{
			"context": "<div id=\"header-subnav\">\n        <ul>\n          <li><a h...</div>",
			"selector": "#header-subnav",
			"code": "region",
			"type": "error",
			"typeCode": 1,
			"message": "All page content should be contained by landmarks",
			"runner": "axe",
			"runnerExtras": {
				"description": "Ensures all page content is contained by landmarks",
				"impact": "moderate",
				"helpUrl": "https://dequeuniversity.com/rules/axe/4.6/region?application=axeAPI"
			},
			"recurrence": 0
		},
		{
			"context": "<h1>Who Am I</h1>",
			"selector": "#content-left>:nth-child(1)",
			"code": "region",
			"type": "error",
			"typeCode": 1,
			"message": "All page content should be contained by landmarks",
			"runner": "axe",
			"runnerExtras": {
				"description": "Ensures all page content is contained by landmarks",
				"impact": "moderate",
				"helpUrl": "https://dequeuniversity.com/rules/axe/4.6/region?application=axeAPI"
			},
			"recurrence": 0
		},
		{
			"context": "<h2>Remote User Information</h2>",
			"selector": "#content-left>:nth-child(2)",
			"code": "region",
			"type": "error",
			"typeCode": 1,
			"message": "All page content should be contained by landmarks",
			"runner": "axe",
			"runnerExtras": {
				"description": "Ensures all page content is contained by landmarks",
				"impact": "moderate",
				"helpUrl": "https://dequeuniversity.com/rules/axe/4.6/region?application=axeAPI"
			},
			"recurrence": 0
		},
		{
			"context": "<p class=\"left bold\">X FORWARDED FOR:</p>",
			"selector": "#content-left>:nth-child(3)",
			"code": "region",
			"type": "error",
			"typeCode": 1,
			"message": "All page content should be contained by landmarks",
			"runner": "axe",
			"runnerExtras": {
				"description": "Ensures all page content is contained by landmarks",
				"impact": "moderate",
				"helpUrl": "https://dequeuniversity.com/rules/axe/4.6/region?application=axeAPI"
			},
			"recurrence": 0
		},
		{
			"context": "<p class=\"right whoami\">0.0.0.0, 0.0.0.0</p>",
			"selector": "#content-left>:nth-child(4)",
			"code": "region",
			"type": "error",
			"typeCode": 1,
			"message": "All page content should be contained by landmarks",
			"runner": "axe",
			"runnerExtras": {
				"description": "Ensures all page content is contained by landmarks",
				"impact": "moderate",
				"helpUrl": "https://dequeuniversity.com/rules/axe/4.6/region?application=axeAPI"
			},
			"recurrence": 0
		},
		{
			"context": "<p class=\"left bold\">REMOTE ADDRESS:</p>",
			"selector": "#content-left>:nth-child(6)",
			"code": "region",
			"type": "error",
			"typeCode": 1,
			"message": "All page content should be contained by landmarks",
			"runner": "axe",
			"runnerExtras": {
				"description": "Ensures all page content is contained by landmarks",
				"impact": "moderate",
				"helpUrl": "https://dequeuniversity.com/rules/axe/4.6/region?application=axeAPI"
			},
			"recurrence": 0
		},
		{
			"context": "<p class=\"right whoami\">0.0.0.0</p>",
			"selector": "#content-left>:nth-child(7)",
			"code": "region",
			"type": "error",
			"typeCode": 1,
			"message": "All page content should be contained by landmarks",
			"runner": "axe",
			"runnerExtras": {
				"description": "Ensures all page content is contained by landmarks",
				"impact": "moderate",
				"helpUrl": "https://dequeuniversity.com/rules/axe/4.6/region?application=axeAPI"
			},
			"recurrence": 0
		},
		{
			"context": "<p class=\"left bold\">REMOTE HOST:</p>",
			"selector": "#content-left>:nth-child(9)",
			"code": "region",
			"type": "error",
			"typeCode": 1,
			"message": "All page content should be contained by landmarks",
			"runner": "axe",
			"runnerExtras": {
				"description": "Ensures all page content is contained by landmarks",
				"impact": "moderate",
				"helpUrl": "https://dequeuniversity.com/rules/axe/4.6/region?application=axeAPI"
			},
			"recurrence": 0
		},
		{
			"context": "<p class=\"right whoami\">unknown</p>",
			"selector": "#content-left>:nth-child(10)",
			"code": "region",
			"type": "error",
			"typeCode": 1,
			"message": "All page content should be contained by landmarks",
			"runner": "axe",
			"runnerExtras": {
				"description": "Ensures all page content is contained by landmarks",
				"impact": "moderate",
				"helpUrl": "https://dequeuniversity.com/rules/axe/4.6/region?application=axeAPI"
			},
			"recurrence": 0
		},
		{
			"context": "<p class=\"left bold\">REMOTE PORT:</p>",
			"selector": "#content-left>:nth-child(12)",
			"code": "region",
			"type": "error",
			"typeCode": 1,
			"message": "All page content should be contained by landmarks",
			"runner": "axe",
			"runnerExtras": {
				"description": "Ensures all page content is contained by landmarks",
				"impact": "moderate",
				"helpUrl": "https://dequeuniversity.com/rules/axe/4.6/region?application=axeAPI"
			},
			"recurrence": 0
		},
		{
			"context": "<p class=\"right whoami\">62517</p>",
			"selector": "#content-left>:nth-child(13)",
			"code": "region",
			"type": "error",
			"typeCode": 1,
			"message": "All page content should be contained by landmarks",
			"runner": "axe",
			"runnerExtras": {
				"description": "Ensures all page content is contained by landmarks",
				"impact": "moderate",
				"helpUrl": "https://dequeuniversity.com/rules/axe/4.6/region?application=axeAPI"
			},
			"recurrence": 0
		},
		{
			"context": "<p class=\"left bold\">REFERER:</p>",
			"selector": "#content-left>:nth-child(15)",
			"code": "region",
			"type": "error",
			"typeCode": 1,
			"message": "All page content should be contained by landmarks",
			"runner": "axe",
			"runnerExtras": {
				"description": "Ensures all page content is contained by landmarks",
				"impact": "moderate",
				"helpUrl": "https://dequeuniversity.com/rules/axe/4.6/region?application=axeAPI"
			},
			"recurrence": 0
		},
		{
			"context": "<p class=\"right whoami\">/Services</p>",
			"selector": "#content-left>:nth-child(16)",
			"code": "region",
			"type": "error",
			"typeCode": 1,
			"message": "All page content should be contained by landmarks",
			"runner": "axe",
			"runnerExtras": {
				"description": "Ensures all page content is contained by landmarks",
				"impact": "moderate",
				"helpUrl": "https://dequeuniversity.com/rules/axe/4.6/region?application=axeAPI"
			},
			"recurrence": 0
		},
		{
			"context": "<h2 class=\"clear\">Remote Browser Information</h2>",
			"selector": "#content-left>:nth-child(18)",
			"code": "region",
			"type": "error",
			"typeCode": 1,
			"message": "All page content should be contained by landmarks",
			"runner": "axe",
			"runnerExtras": {
				"description": "Ensures all page content is contained by landmarks",
				"impact": "moderate",
				"helpUrl": "https://dequeuniversity.com/rules/axe/4.6/region?application=axeAPI"
			},
			"recurrence": 0
		},
		{
			"context": "<p class=\"left bold\">USER AGENT:</p>",
			"selector": "#content-left>:nth-child(19)",
			"code": "region",
			"type": "error",
			"typeCode": 1,
			"message": "All page content should be contained by landmarks",
			"runner": "axe",
			"runnerExtras": {
				"description": "Ensures all page content is contained by landmarks",
				"impact": "moderate",
				"helpUrl": "https://dequeuniversity.com/rules/axe/4.6/region?application=axeAPI"
			},
			"recurrence": 0
		},
		{
			"context": "<p class=\"right whoami\">\n          =\\Mozilla/5.0 (compat...</p>",
			"selector": "#content-left>:nth-child(20)",
			"code": "region",
			"type": "error",
			"typeCode": 1,
			"message": "All page content should be contained by landmarks",
			"runner": "axe",
			"runnerExtras": {
				"description": "Ensures all page content is contained by landmarks",
				"impact": "moderate",
				"helpUrl": "https://dequeuniversity.com/rules/axe/4.6/region?application=axeAPI"
			},
			"recurrence": 0
		},
		{
			"context": "<p class=\"left bold\">ACCEPT CHARSET:</p>",
			"selector": "#content-left>:nth-child(22)",
			"code": "region",
			"type": "error",
			"typeCode": 1,
			"message": "All page content should be contained by landmarks",
			"runner": "axe",
			"runnerExtras": {
				"description": "Ensures all page content is contained by landmarks",
				"impact": "moderate",
				"helpUrl": "https://dequeuniversity.com/rules/axe/4.6/region?application=axeAPI"
			},
			"recurrence": 0
		},
		{
			"context": "<p class=\"right whoami\">ISO-8859-1,utf-8;q=0.7,*;q=0.7</p>",
			"selector": "#content-left>:nth-child(23)",
			"code": "region",
			"type": "error",
			"typeCode": 1,
			"message": "All page content should be contained by landmarks",
			"runner": "axe",
			"runnerExtras": {
				"description": "Ensures all page content is contained by landmarks",
				"impact": "moderate",
				"helpUrl": "https://dequeuniversity.com/rules/axe/4.6/region?application=axeAPI"
			},
			"recurrence": 0
		},
		{
			"context": "<p class=\"left bold\">ACCEPT ENCODING:</p>",
			"selector": "#content-left>:nth-child(25)",
			"code": "region",
			"type": "error",
			"typeCode": 1,
			"message": "All page content should be contained by landmarks",
			"runner": "axe",
			"runnerExtras": {
				"description": "Ensures all page content is contained by landmarks",
				"impact": "moderate",
				"helpUrl": "https://dequeuniversity.com/rules/axe/4.6/region?application=axeAPI"
			},
			"recurrence": 0
		},
		{
			"context": "<p class=\"right whoami\">gzip</p>",
			"selector": "#content-left>:nth-child(26)",
			"code": "region",
			"type": "error",
			"typeCode": 1,
			"message": "All page content should be contained by landmarks",
			"runner": "axe",
			"runnerExtras": {
				"description": "Ensures all page content is contained by landmarks",
				"impact": "moderate",
				"helpUrl": "https://dequeuniversity.com/rules/axe/4.6/region?application=axeAPI"
			},
			"recurrence": 0
		},
		{
			"context": "<p class=\"left bold\">ACCEPT LANGUAGE:</p>",
			"selector": "#content-left>:nth-child(28)",
			"code": "region",
			"type": "error",
			"typeCode": 1,
			"message": "All page content should be contained by landmarks",
			"runner": "axe",
			"runnerExtras": {
				"description": "Ensures all page content is contained by landmarks",
				"impact": "moderate",
				"helpUrl": "https://dequeuniversity.com/rules/axe/4.6/region?application=axeAPI"
			},
			"recurrence": 0
		},
		{
			"context": "<p class=\"right whoami\">en-us,en;q=0.5</p>",
			"selector": "#content-left>:nth-child(29)",
			"code": "region",
			"type": "error",
			"typeCode": 1,
			"message": "All page content should be contained by landmarks",
			"runner": "axe",
			"runnerExtras": {
				"description": "Ensures all page content is contained by landmarks",
				"impact": "moderate",
				"helpUrl": "https://dequeuniversity.com/rules/axe/4.6/region?application=axeAPI"
			},
			"recurrence": 0
		},
		{
			"context": "<h2 class=\"clear\">Client Side Script Option</h2>",
			"selector": "#content-left>:nth-child(31)",
			"code": "region",
			"type": "error",
			"typeCode": 1,
			"message": "All page content should be contained by landmarks",
			"runner": "axe",
			"runnerExtras": {
				"description": "Ensures all page content is contained by landmarks",
				"impact": "moderate",
				"helpUrl": "https://dequeuniversity.com/rules/axe/4.6/region?application=axeAPI"
			},
			"recurrence": 0
		},
		{
			"context": "<p class=\"left bold\">JAVA:</p>",
			"selector": "#content-left>:nth-child(32)",
			"code": "region",
			"type": "error",
			"typeCode": 1,
			"message": "All page content should be contained by landmarks",
			"runner": "axe",
			"runnerExtras": {
				"description": "Ensures all page content is contained by landmarks",
				"impact": "moderate",
				"helpUrl": "https://dequeuniversity.com/rules/axe/4.6/region?application=axeAPI"
			},
			"recurrence": 0
		},
		{
			"context": "<p class=\"right whoami\">\n          <object codetype=\"app...</p>",
			"selector": "#content-left>:nth-child(33)",
			"code": "region",
			"type": "error",
			"typeCode": 1,
			"message": "All page content should be contained by landmarks",
			"runner": "axe",
			"runnerExtras": {
				"description": "Ensures all page content is contained by landmarks",
				"impact": "moderate",
				"helpUrl": "https://dequeuniversity.com/rules/axe/4.6/region?application=axeAPI"
			},
			"recurrence": 0
		},
		{
			"context": "<p class=\"left bold\">JAVASCRIPT:</p>",
			"selector": "#content-left>:nth-child(35)",
			"code": "region",
			"type": "error",
			"typeCode": 1,
			"message": "All page content should be contained by landmarks",
			"runner": "axe",
			"runnerExtras": {
				"description": "Ensures all page content is contained by landmarks",
				"impact": "moderate",
				"helpUrl": "https://dequeuniversity.com/rules/axe/4.6/region?application=axeAPI"
			},
			"recurrence": 0
		},
		{
			"context": "<p class=\"right whoami\">enabled</p>",
			"selector": "#content-left>:nth-child(37)",
			"code": "region",
			"type": "error",
			"typeCode": 1,
			"message": "All page content should be contained by landmarks",
			"runner": "axe",
			"runnerExtras": {
				"description": "Ensures all page content is contained by landmarks",
				"impact": "moderate",
				"helpUrl": "https://dequeuniversity.com/rules/axe/4.6/region?application=axeAPI"
			},
			"recurrence": 0
		},
		{
			"context": "<p class=\"italic clear\">\n          Dieser Service ist au...</p>",
			"selector": "#content-left>:nth-child(39)",
			"code": "region",
			"type": "error",
			"typeCode": 1,
			"message": "All page content should be contained by landmarks",
			"runner": "axe",
			"runnerExtras": {
				"description": "Ensures all page content is contained by landmarks",
				"impact": "moderate",
				"helpUrl": "https://dequeuniversity.com/rules/axe/4.6/region?application=axeAPI"
			},
			"recurrence": 0
		},
		{
			"context": "<ul class=\"clbpnav\">\n          <li>\n            <a h...</ul>",
			"selector": "#content-left>:nth-child(41)",
			"code": "region",
			"type": "error",
			"typeCode": 1,
			"message": "All page content should be contained by landmarks",
			"runner": "axe",
			"runnerExtras": {
				"description": "Ensures all page content is contained by landmarks",
				"impact": "moderate",
				"helpUrl": "https://dequeuniversity.com/rules/axe/4.6/region?application=axeAPI"
			},
			"recurrence": 0
		},
		{
			"context": "<div id=\"footer\">\n        <p>\n          $req 17,5...</div>",
			"selector": "#footer",
			"code": "region",
			"type": "error",
			"typeCode": 1,
			"message": "All page content should be contained by landmarks",
			"runner": "axe",
			"runnerExtras": {
				"description": "Ensures all page content is contained by landmarks",
				"impact": "moderate",
				"helpUrl": "https://dequeuniversity.com/rules/axe/4.6/region?application=axeAPI"
			},
			"recurrence": 0
		},
		{
			"context": "<a class=\"extern\" href=\"http://www.gnome.org/projects/gedit/\" title=\"gedit is the official text editor of the GNOME desktop environment.\">&lt;http://www.gnome.org/project...</a>",
			"selector": "#footer>:nth-child(1)>:nth-child(9)",
			"code": "WCAG2AA.Principle1.Guideline1_4.1_4_3.G18.BgImage",
			"type": "warning",
			"typeCode": 2,
			"message": "This element's text is placed on a background image. Ensure the contrast ratio between the text and all covered parts of the image are at least 4.5:1.",
			"runner": "htmlcs",
			"recurrence": 0
		},
		{
			"context": "<h1>Suchen</h1>",
			"selector": "#header-search>:nth-child(1)>:nth-child(1)",
			"code": "WCAG2AA.Principle1.Guideline1_4.1_4_3.G18.Abs",
			"type": "warning",
			"typeCode": 2,
			"message": "This element is absolutely positioned and the background color can not be determined. Ensure the contrast ratio between the text and all covered parts of the background are at least 4.5:1.",
			"runner": "htmlcs",
			"recurrence": 0
		},
		{
			"context": "<a class=\"extern\" href=\"http://validator.w3.org/check?uri=http%3A%2F%2Fgedit.net%2FServices_WhoAmI\" title=\"Valid HTML 4.1 Strict\">Valid HTML 4.1 Strict</a>",
			"selector": "#footer>:nth-child(1)>:nth-child(12)",
			"code": "WCAG2AA.Principle1.Guideline1_4.1_4_3.G18.BgImage",
			"type": "warning",
			"typeCode": 2,
			"message": "This element's text is placed on a background image. Ensure the contrast ratio between the text and all covered parts of the image are at least 4.5:1.",
			"runner": "htmlcs",
			"recurrence": 0
		},
		{
			"context": "<button id=\"archiv\" class=\"archiv\" style=\"position: fixed; top: 1rem; left: 1rem; background: orange; color: black; border: 2px solid black; border-radius: 1rem; padding: 1rem; font-size: 2rem;\">Archiv</button>",
			"selector": "#archiv",
			"code": "WCAG2AA.Principle1.Guideline1_4.1_4_3_F24.F24.BGColour",
			"type": "warning",
			"typeCode": 2,
			"message": "Check that this element has an inherited foreground colour to complement the corresponding inline background colour or image.",
			"runner": "htmlcs",
			"recurrence": 0
		},
		{
			"context": "<button id=\"archiv\" class=\"archiv\" style=\"position: fixed; top: 1rem; left: 1rem; background: orange; color: black; border: 2px solid black; border-radius: 1rem; padding: 1rem; font-size: 2rem;\">Archiv</button>",
			"selector": "#archiv",
			"code": "WCAG2AA.Principle1.Guideline1_4.1_4_10.C32,C31,C33,C38,SCR34,G206",
			"type": "warning",
			"typeCode": 2,
			"message": "This element has \"position: fixed\". This may require scrolling in two dimensions, which is considered a failure of this Success Criterion.",
			"runner": "htmlcs",
			"recurrence": 0
		},
		{
			"context": "<a name=\"top\"></a>",
			"selector": "#header>:nth-child(1)",
			"code": "WCAG2AA.Principle4.Guideline4_1.4_1_2.H91.A.EmptyWithName",
			"type": "warning",
			"typeCode": 2,
			"message": "Anchor element found with a name attribute but without a href or link text. Consider moving the name attribute to become an ID of a parent or nearby element.",
			"runner": "htmlcs",
			"recurrence": 0
		},
		{
			"context": "<div id=\"header\">\n      <a name=\"top\"></a>\n      ...</div>",
			"selector": "#header",
			"code": "WCAG2AA.Principle1.Guideline1_3.1_3_1.H48",
			"type": "warning",
			"typeCode": 2,
			"message": "If this element contains a navigation section, it is recommended that it be marked up as a list.",
			"runner": "htmlcs",
			"recurrence": 0
		},
		{
			"context": "<object codetype=\"application/java\" classid=\"java:MyAddress.class\" codebase=\"/java/\" width=\"200\" height=\"14\">\n            <param name=\"text\" ...</object>",
			"selector": "#content-left>:nth-child(33)>:nth-child(1)",
			"code": "WCAG2AA.Principle2.Guideline2_1.2_1_2.F10",
			"type": "warning",
			"typeCode": 2,
			"message": "Check that this applet or plugin provides the ability to move the focus away from itself when using the keyboard.",
			"runner": "htmlcs",
			"recurrence": 0
		},
		{
			"context": "<a class=\"extern\" href=\"http://jigsaw.w3.org/css-validator/validator?uri=http%3A%2F%2Fgedit.net%2FServices_WhoAmI&amp;_profile=css3\" title=\"Valid CSS 3.0\">Valid CSS 3.0</a>",
			"selector": "#footer>:nth-child(1)>:nth-child(13)",
			"code": "WCAG2AA.Principle1.Guideline1_4.1_4_3.G18.BgImage",
			"type": "warning",
			"typeCode": 2,
			"message": "This element's text is placed on a background image. Ensure the contrast ratio between the text and all covered parts of the image are at least 4.5:1.",
			"runner": "htmlcs",
			"recurrence": 0
		},
		{
			"context": "<a class=\"extern\" href=\"http://validator.w3.org/feed/check.cgi?url=http%3A%2F%2Fgedit.net%2FRSS\" title=\"Valid RSS Feed\">Valid RSS</a>",
			"selector": "#footer>:nth-child(1)>:nth-child(14)",
			"code": "WCAG2AA.Principle1.Guideline1_4.1_4_3.G18.BgImage",
			"type": "warning",
			"typeCode": 2,
			"message": "This element's text is placed on a background image. Ensure the contrast ratio between the text and all covered parts of the image are at least 4.5:1.",
			"runner": "htmlcs",
			"recurrence": 0
		},
		{
			"context": "<a class=\"extern\" href=\"http://www.access-board.gov/508.htm\" title=\"Section 508 Homepage:  Electronic and Information Technology\">Valid Section 508</a>",
			"selector": "#footer>:nth-child(1)>:nth-child(15)",
			"code": "WCAG2AA.Principle1.Guideline1_4.1_4_3.G18.BgImage",
			"type": "warning",
			"typeCode": 2,
			"message": "This element's text is placed on a background image. Ensure the contrast ratio between the text and all covered parts of the image are at least 4.5:1.",
			"runner": "htmlcs",
			"recurrence": 0
		},
		{
			"context": "<a class=\"extern\" href=\"http://www.w3.org/WAI/WCAG1AA-Conformance\" title=\"Level Double-A Conformance to Web Content Accessibility Guidelines 1.0\">Valid Level Double-A Conformance...</a>",
			"selector": "#footer>:nth-child(1)>:nth-child(16)",
			"code": "WCAG2AA.Principle1.Guideline1_4.1_4_3.G18.BgImage",
			"type": "warning",
			"typeCode": 2,
			"message": "This element's text is placed on a background image. Ensure the contrast ratio between the text and all covered parts of the image are at least 4.5:1.",
			"runner": "htmlcs",
			"recurrence": 0
		},
		{
			"context": "<a class=\"extern\" href=\"http://www.gedit.org\" title=\"gedit is the official text editor of the GNOME desktop environment.\">gedit</a>",
			"selector": "#footer>:nth-child(1)>:nth-child(5)",
			"code": "WCAG2AA.Principle1.Guideline1_4.1_4_3.G18.BgImage",
			"type": "warning",
			"typeCode": 2,
			"message": "This element's text is placed on a background image. Ensure the contrast ratio between the text and all covered parts of the image are at least 4.5:1.",
			"runner": "htmlcs",
			"recurrence": 0
		},
		{
			"context": "<a class=\"extern\" href=\"http://www.gnome.org\">GNOME</a>",
			"selector": "#footer>:nth-child(1)>:nth-child(6)",
			"code": "WCAG2AA.Principle1.Guideline1_4.1_4_3.G18.BgImage",
			"type": "warning",
			"typeCode": 2,
			"message": "This element's text is placed on a background image. Ensure the contrast ratio between the text and all covered parts of the image are at least 4.5:1.",
			"runner": "htmlcs",
			"recurrence": 0
		},
		{
			"context": "<a class=\"extern\" href=\"http://www.gedit.org\" title=\"gedit is the official text editor of the GNOME desktop environment.\">&lt;http://www.gedit.org/&gt;</a>",
			"selector": "#footer>:nth-child(1)>:nth-child(8)",
			"code": "WCAG2AA.Principle1.Guideline1_4.1_4_3.G18.BgImage",
			"type": "warning",
			"typeCode": 2,
			"message": "This element's text is placed on a background image. Ensure the contrast ratio between the text and all covered parts of the image are at least 4.5:1.",
			"runner": "htmlcs",
			"recurrence": 0
		},
		{
			"context": "<input type=\"submit\" name=\"finden\" value=\"Finden\" alt=\"Finden\" id=\"Finden\">",
			"selector": "#Finden",
			"code": "color-contrast",
			"type": "warning",
			"typeCode": 2,
			"message": "Elements must have sufficient color contrast",
			"runner": "axe",
			"runnerExtras": {
				"description": "Ensures the contrast between foreground and background colors meets WCAG 2 AA contrast ratio thresholds",
				"impact": "serious",
				"helpUrl": "https://dequeuniversity.com/rules/axe/4.6/color-contrast?application=axeAPI"
			},
			"recurrence": 0
		},
		{
			"context": "<a href=\"index.html\" title=\"Home\">Home</a>",
			"selector": "#header-subnav>:nth-child(1)>:nth-child(1)>:nth-child(1)",
			"code": "color-contrast",
			"type": "warning",
			"typeCode": 2,
			"message": "Elements must have sufficient color contrast",
			"runner": "axe",
			"runnerExtras": {
				"description": "Ensures the contrast between foreground and background colors meets WCAG 2 AA contrast ratio thresholds",
				"impact": "serious",
				"helpUrl": "https://dequeuniversity.com/rules/axe/4.6/color-contrast?application=axeAPI"
			},
			"recurrence": 0
		},
		{
			"context": "<a href=\"Artikel.html\" title=\"Artikel\">Artikel</a>",
			"selector": "#header-subnav>:nth-child(1)>:nth-child(2)>:nth-child(1)",
			"code": "color-contrast",
			"type": "warning",
			"typeCode": 2,
			"message": "Elements must have sufficient color contrast",
			"runner": "axe",
			"runnerExtras": {
				"description": "Ensures the contrast between foreground and background colors meets WCAG 2 AA contrast ratio thresholds",
				"impact": "serious",
				"helpUrl": "https://dequeuniversity.com/rules/axe/4.6/color-contrast?application=axeAPI"
			},
			"recurrence": 0
		},
		{
			"context": "<a href=\"Weblog.html\" title=\"Weblog\">Weblog</a>",
			"selector": "#header-subnav>:nth-child(1)>:nth-child(3)>:nth-child(1)",
			"code": "color-contrast",
			"type": "warning",
			"typeCode": 2,
			"message": "Elements must have sufficient color contrast",
			"runner": "axe",
			"runnerExtras": {
				"description": "Ensures the contrast between foreground and background colors meets WCAG 2 AA contrast ratio thresholds",
				"impact": "serious",
				"helpUrl": "https://dequeuniversity.com/rules/axe/4.6/color-contrast?application=axeAPI"
			},
			"recurrence": 0
		},
		{
			"context": "<a href=\"SITEMAP.html\" title=\"Sitemap\">Sitemap</a>",
			"selector": "#header-subnav>:nth-child(1)>:nth-child(4)>:nth-child(1)",
			"code": "color-contrast",
			"type": "warning",
			"typeCode": 2,
			"message": "Elements must have sufficient color contrast",
			"runner": "axe",
			"runnerExtras": {
				"description": "Ensures the contrast between foreground and background colors meets WCAG 2 AA contrast ratio thresholds",
				"impact": "serious",
				"helpUrl": "https://dequeuniversity.com/rules/axe/4.6/color-contrast?application=axeAPI"
			},
			"recurrence": 0
		},
		{
			"context": "<a href=\"Impressum.html\" title=\"Impressum\">Impressum</a>",
			"selector": "#header-subnav>:nth-child(1)>:nth-child(5)>:nth-child(1)",
			"code": "color-contrast",
			"type": "warning",
			"typeCode": 2,
			"message": "Elements must have sufficient color contrast",
			"runner": "axe",
			"runnerExtras": {
				"description": "Ensures the contrast between foreground and background colors meets WCAG 2 AA contrast ratio thresholds",
				"impact": "serious",
				"helpUrl": "https://dequeuniversity.com/rules/axe/4.6/color-contrast?application=axeAPI"
			},
			"recurrence": 0
		},
		{
			"context": "<a href=\"Kontakt.html\" title=\"Kontakt\">Kontakt</a>",
			"selector": "#header-subnav>:nth-child(1)>:nth-child(6)>:nth-child(1)",
			"code": "color-contrast",
			"type": "warning",
			"typeCode": 2,
			"message": "Elements must have sufficient color contrast",
			"runner": "axe",
			"runnerExtras": {
				"description": "Ensures the contrast between foreground and background colors meets WCAG 2 AA contrast ratio thresholds",
				"impact": "serious",
				"helpUrl": "https://dequeuniversity.com/rules/axe/4.6/color-contrast?application=axeAPI"
			},
			"recurrence": 0
		},
		{
			"context": "<object codetype=\"application/java\" classid=\"java:MyAddress.class\" codebase=\"/java/\" width=\"200\" height=\"14\">\n            <param name=\"text\" ...</object>",
			"selector": "#content-left>:nth-child(33)>:nth-child(1)",
			"code": "color-contrast",
			"type": "warning",
			"typeCode": 2,
			"message": "Elements must have sufficient color contrast",
			"runner": "axe",
			"runnerExtras": {
				"description": "Ensures the contrast between foreground and background colors meets WCAG 2 AA contrast ratio thresholds",
				"impact": "serious",
				"helpUrl": "https://dequeuniversity.com/rules/axe/4.6/color-contrast?application=axeAPI"
			},
			"recurrence": 0
		},
		{
			"context": "<a class=\"extern\" href=\"http://www.gedit.org\" title=\"gedit is the official text editor of the GNOME desktop environment.\">gedit</a>",
			"selector": "#footer>:nth-child(1)>:nth-child(5)",
			"code": "color-contrast",
			"type": "warning",
			"typeCode": 2,
			"message": "Elements must have sufficient color contrast",
			"runner": "axe",
			"runnerExtras": {
				"description": "Ensures the contrast between foreground and background colors meets WCAG 2 AA contrast ratio thresholds",
				"impact": "serious",
				"helpUrl": "https://dequeuniversity.com/rules/axe/4.6/color-contrast?application=axeAPI"
			},
			"recurrence": 0
		},
		{
			"context": "<a class=\"extern\" href=\"http://www.gnome.org\">GNOME</a>",
			"selector": "#footer>:nth-child(1)>:nth-child(6)",
			"code": "color-contrast",
			"type": "warning",
			"typeCode": 2,
			"message": "Elements must have sufficient color contrast",
			"runner": "axe",
			"runnerExtras": {
				"description": "Ensures the contrast between foreground and background colors meets WCAG 2 AA contrast ratio thresholds",
				"impact": "serious",
				"helpUrl": "https://dequeuniversity.com/rules/axe/4.6/color-contrast?application=axeAPI"
			},
			"recurrence": 0
		},
		{
			"context": "<a class=\"extern\" href=\"http://www.gedit.org\" title=\"gedit is the official text editor of the GNOME desktop environment.\">&lt;http://www.gedit.org/&gt;</a>",
			"selector": "#footer>:nth-child(1)>:nth-child(8)",
			"code": "color-contrast",
			"type": "warning",
			"typeCode": 2,
			"message": "Elements must have sufficient color contrast",
			"runner": "axe",
			"runnerExtras": {
				"description": "Ensures the contrast between foreground and background colors meets WCAG 2 AA contrast ratio thresholds",
				"impact": "serious",
				"helpUrl": "https://dequeuniversity.com/rules/axe/4.6/color-contrast?application=axeAPI"
			},
			"recurrence": 0
		},
		{
			"context": "<a class=\"extern\" href=\"http://www.gnome.org/projects/gedit/\" title=\"gedit is the official text editor of the GNOME desktop environment.\">&lt;http://www.gnome.org/project...</a>",
			"selector": "#footer>:nth-child(1)>:nth-child(9)",
			"code": "color-contrast",
			"type": "warning",
			"typeCode": 2,
			"message": "Elements must have sufficient color contrast",
			"runner": "axe",
			"runnerExtras": {
				"description": "Ensures the contrast between foreground and background colors meets WCAG 2 AA contrast ratio thresholds",
				"impact": "serious",
				"helpUrl": "https://dequeuniversity.com/rules/axe/4.6/color-contrast?application=axeAPI"
			},
			"recurrence": 0
		},
		{
			"context": "<a class=\"extern\" href=\"http://validator.w3.org/check?uri=http%3A%2F%2Fgedit.net%2FServices_WhoAmI\" title=\"Valid HTML 4.1 Strict\">Valid HTML 4.1 Strict</a>",
			"selector": "#footer>:nth-child(1)>:nth-child(12)",
			"code": "color-contrast",
			"type": "warning",
			"typeCode": 2,
			"message": "Elements must have sufficient color contrast",
			"runner": "axe",
			"runnerExtras": {
				"description": "Ensures the contrast between foreground and background colors meets WCAG 2 AA contrast ratio thresholds",
				"impact": "serious",
				"helpUrl": "https://dequeuniversity.com/rules/axe/4.6/color-contrast?application=axeAPI"
			},
			"recurrence": 0
		},
		{
			"context": "<a class=\"extern\" href=\"http://jigsaw.w3.org/css-validator/validator?uri=http%3A%2F%2Fgedit.net%2FServices_WhoAmI&amp;_profile=css3\" title=\"Valid CSS 3.0\">Valid CSS 3.0</a>",
			"selector": "#footer>:nth-child(1)>:nth-child(13)",
			"code": "color-contrast",
			"type": "warning",
			"typeCode": 2,
			"message": "Elements must have sufficient color contrast",
			"runner": "axe",
			"runnerExtras": {
				"description": "Ensures the contrast between foreground and background colors meets WCAG 2 AA contrast ratio thresholds",
				"impact": "serious",
				"helpUrl": "https://dequeuniversity.com/rules/axe/4.6/color-contrast?application=axeAPI"
			},
			"recurrence": 0
		},
		{
			"context": "<a class=\"extern\" href=\"http://validator.w3.org/feed/check.cgi?url=http%3A%2F%2Fgedit.net%2FRSS\" title=\"Valid RSS Feed\">Valid RSS</a>",
			"selector": "#footer>:nth-child(1)>:nth-child(14)",
			"code": "color-contrast",
			"type": "warning",
			"typeCode": 2,
			"message": "Elements must have sufficient color contrast",
			"runner": "axe",
			"runnerExtras": {
				"description": "Ensures the contrast between foreground and background colors meets WCAG 2 AA contrast ratio thresholds",
				"impact": "serious",
				"helpUrl": "https://dequeuniversity.com/rules/axe/4.6/color-contrast?application=axeAPI"
			},
			"recurrence": 0
		},
		{
			"context": "<a class=\"extern\" href=\"http://www.access-board.gov/508.htm\" title=\"Section 508 Homepage:  Electronic and Information Technology\">Valid Section 508</a>",
			"selector": "#footer>:nth-child(1)>:nth-child(15)",
			"code": "color-contrast",
			"type": "warning",
			"typeCode": 2,
			"message": "Elements must have sufficient color contrast",
			"runner": "axe",
			"runnerExtras": {
				"description": "Ensures the contrast between foreground and background colors meets WCAG 2 AA contrast ratio thresholds",
				"impact": "serious",
				"helpUrl": "https://dequeuniversity.com/rules/axe/4.6/color-contrast?application=axeAPI"
			},
			"recurrence": 0
		},
		{
			"context": "<a class=\"extern\" href=\"http://www.w3.org/WAI/WCAG1AA-Conformance\" title=\"Level Double-A Conformance to Web Content Accessibility Guidelines 1.0\">Valid Level Double-A Conformance...</a>",
			"selector": "#footer>:nth-child(1)>:nth-child(16)",
			"code": "color-contrast",
			"type": "warning",
			"typeCode": 2,
			"message": "Elements must have sufficient color contrast",
			"runner": "axe",
			"runnerExtras": {
				"description": "Ensures the contrast between foreground and background colors meets WCAG 2 AA contrast ratio thresholds",
				"impact": "serious",
				"helpUrl": "https://dequeuniversity.com/rules/axe/4.6/color-contrast?application=axeAPI"
			},
			"recurrence": 0
		},
		{
			"context": "<button id=\"archiv\" class=\"archiv\" style=\"position: fixed; top: 1rem; left: 1rem; background: orange; color: black; border: 2px solid black; border-radius: 1rem; padding: 1rem; font-size: 2rem;\">Archiv</button>",
			"selector": "#archiv",
			"code": "color-contrast",
			"type": "warning",
			"typeCode": 2,
			"message": "Elements must have sufficient color contrast",
			"runner": "axe",
			"runnerExtras": {
				"description": "Ensures the contrast between foreground and background colors meets WCAG 2 AA contrast ratio thresholds",
				"impact": "serious",
				"helpUrl": "https://dequeuniversity.com/rules/axe/4.6/color-contrast?application=axeAPI"
			},
			"recurrence": 0
		}
	],
	"meta": {
		"errorCount": 107,
		"warningCount": 33,
		"noticeCount": 0,
		"accessScore": 80
	},
	"automateable": {
		"missingAltIndexs": []
	}
}
