{
	"documentTitle": "About - Simon Gattner - Full-Stack and Frontend development",
	"pageUrl": "https://www.gattner.name/about",
	"issues": [
		{
			"context": "<a title=\"Skip to main content\" href=\"#main\" data-testid=\"skip-nav-main\" tabindex=\"0\" class=\"csGuEx SkipNav__StyledLink-gattner-corporate__sc-pkl5du-0\">Skip to main content</a>",
			"selector": "#root>:nth-child(1)>:nth-child(1)>:nth-child(1)>:nth-child(1)>:nth-child(1)",
			"code": "WCAG2AA.Principle1.Guideline1_4.1_4_3.G18.Alpha",
			"type": "warning",
			"typeCode": 2,
			"message": "This element's text or background contains transparency. Ensure the contrast ratio between the text and background are at least 4.5:1.",
			"runner": "htmlcs",
			"recurrence": 0
		},
		{
			"context": "<a title=\"Skip to navigation\" href=\"#nav\" data-testid=\"skip-nav-nav\" tabindex=\"0\" class=\"csGuEx SkipNav__StyledLink-gattner-corporate__sc-pkl5du-0\">Skip to navigation</a>",
			"selector": "#root>:nth-child(1)>:nth-child(1)>:nth-child(1)>:nth-child(2)>:nth-child(1)",
			"code": "WCAG2AA.Principle1.Guideline1_4.1_4_3.G18.Alpha",
			"type": "warning",
			"typeCode": 2,
			"message": "This element's text or background contains transparency. Ensure the contrast ratio between the text and background are at least 4.5:1.",
			"runner": "htmlcs",
			"recurrence": 0
		},
		{
			"context": "<a title=\"Skip to footer\" href=\"#footer\" data-testid=\"skip-nav-footer\" tabindex=\"0\" class=\"csGuEx SkipNav__StyledLink-gattner-corporate__sc-pkl5du-0\">Skip to footer</a>",
			"selector": "#root>:nth-child(1)>:nth-child(1)>:nth-child(1)>:nth-child(3)>:nth-child(1)",
			"code": "WCAG2AA.Principle1.Guideline1_4.1_4_3.G18.Alpha",
			"type": "warning",
			"typeCode": 2,
			"message": "This element's text or background contains transparency. Ensure the contrast ratio between the text and background are at least 4.5:1.",
			"runner": "htmlcs",
			"recurrence": 0
		},
		{
			"context": "<p size=\"md\" class=\"Paragraph__StyledParagraph-gattner-corporate__sc-pfsh1-0 jqSWAN\">I have been working as a Full-St...</p>",
			"selector": "#main>:nth-child(1)>:nth-child(1)>:nth-child(1)>:nth-child(4)",
			"code": "WCAG2AA.Principle1.Guideline1_4.1_4_3.G18.Alpha",
			"type": "warning",
			"typeCode": 2,
			"message": "This element's text or background contains transparency. Ensure the contrast ratio between the text and background are at least 4.5:1.",
			"runner": "htmlcs",
			"recurrence": 0
		},
		{
			"context": "<p size=\"md\" class=\"Paragraph__StyledParagraph-gattner-corporate__sc-pfsh1-0 jqSWAN\">To understand the WHO and WHAT i...</p>",
			"selector": "#main>:nth-child(1)>:nth-child(1)>:nth-child(1)>:nth-child(5)",
			"code": "WCAG2AA.Principle1.Guideline1_4.1_4_3.G18.Alpha",
			"type": "warning",
			"typeCode": 2,
			"message": "This element's text or background contains transparency. Ensure the contrast ratio between the text and background are at least 4.5:1.",
			"runner": "htmlcs",
			"recurrence": 0
		},
		{
			"context": "<p size=\"md\" class=\"Paragraph__StyledParagraph-gattner-corporate__sc-pfsh1-0 jqSWAN\">My personal goal is to continual...</p>",
			"selector": "#main>:nth-child(1)>:nth-child(1)>:nth-child(1)>:nth-child(6)",
			"code": "WCAG2AA.Principle1.Guideline1_4.1_4_3.G18.Alpha",
			"type": "warning",
			"typeCode": 2,
			"message": "This element's text or background contains transparency. Ensure the contrast ratio between the text and background are at least 4.5:1.",
			"runner": "htmlcs",
			"recurrence": 0
		},
		{
			"context": "<p size=\"md\" class=\"Paragraph__StyledParagraph-gattner-corporate__sc-pfsh1-0 jqSWAN\">I primarily focus on software de...</p>",
			"selector": "#main>:nth-child(1)>:nth-child(1)>:nth-child(1)>:nth-child(7)",
			"code": "WCAG2AA.Principle1.Guideline1_4.1_4_3.G18.Alpha",
			"type": "warning",
			"typeCode": 2,
			"message": "This element's text or background contains transparency. Ensure the contrast ratio between the text and background are at least 4.5:1.",
			"runner": "htmlcs",
			"recurrence": 0
		},
		{
			"context": "<p size=\"md\" class=\"Paragraph__StyledParagraph-gattner-corporate__sc-pfsh1-0 jqSWAN\">Aside from frontend and full-sta...</p>",
			"selector": "#main>:nth-child(1)>:nth-child(1)>:nth-child(1)>:nth-child(8)",
			"code": "WCAG2AA.Principle1.Guideline1_4.1_4_3.G18.Alpha",
			"type": "warning",
			"typeCode": 2,
			"message": "This element's text or background contains transparency. Ensure the contrast ratio between the text and background are at least 4.5:1.",
			"runner": "htmlcs",
			"recurrence": 0
		},
		{
			"context": "<p size=\"md\" class=\"Paragraph__StyledParagraph-gattner-corporate__sc-pfsh1-0 jqSWAN\">Currently, I am expanding my tec...</p>",
			"selector": "#main>:nth-child(1)>:nth-child(1)>:nth-child(1)>:nth-child(9)",
			"code": "WCAG2AA.Principle1.Guideline1_4.1_4_3.G18.Alpha",
			"type": "warning",
			"typeCode": 2,
			"message": "This element's text or background contains transparency. Ensure the contrast ratio between the text and background are at least 4.5:1.",
			"runner": "htmlcs",
			"recurrence": 0
		},
		{
			"context": "<p size=\"md\" class=\"Paragraph__StyledParagraph-gattner-corporate__sc-pfsh1-0 jqSWAN\">You can hire me as a freelancer ...</p>",
			"selector": "#main>:nth-child(1)>:nth-child(1)>:nth-child(1)>:nth-child(10)",
			"code": "WCAG2AA.Principle1.Guideline1_4.1_4_3.G18.Alpha",
			"type": "warning",
			"typeCode": 2,
			"message": "This element's text or background contains transparency. Ensure the contrast ratio between the text and background are at least 4.5:1.",
			"runner": "htmlcs",
			"recurrence": 0
		},
		{
			"context": "<span class=\"hYKiSG SrOnly__StyledText-gattner-corporate__sc-1yr9kz-0\">About</span>",
			"selector": "#main>:nth-child(1)>:nth-child(1)>:nth-child(1)>:nth-child(1)>:nth-child(1)",
			"code": "WCAG2AA.Principle1.Guideline1_4.1_4_3.G18.Alpha",
			"type": "warning",
			"typeCode": 2,
			"message": "This element's text or background contains transparency. Ensure the contrast ratio between the text and background are at least 4.5:1.",
			"runner": "htmlcs",
			"recurrence": 0
		},
		{
			"context": "<p size=\"lg\" class=\"Paragraph__StyledParagraph-gattner-corporate__sc-pfsh1-0 DGAgH\">Hello, I am Simon Gattner!</p>",
			"selector": "#main>:nth-child(1)>:nth-child(1)>:nth-child(1)>:nth-child(2)>:nth-child(3)",
			"code": "WCAG2AA.Principle1.Guideline1_4.1_4_3.G145.Alpha",
			"type": "warning",
			"typeCode": 2,
			"message": "This element's text or background contains transparency. Ensure the contrast ratio between the text and background are at least 3:1.",
			"runner": "htmlcs",
			"recurrence": 0
		},
		{
			"context": "<p size=\"lg\" class=\"Paragraph__StyledParagraph-gattner-corporate__sc-pfsh1-0 DGAgH\">I help bring your digital projec...</p>",
			"selector": "#main>:nth-child(1)>:nth-child(1)>:nth-child(1)>:nth-child(2)>:nth-child(4)",
			"code": "WCAG2AA.Principle1.Guideline1_4.1_4_3.G145.Alpha",
			"type": "warning",
			"typeCode": 2,
			"message": "This element's text or background contains transparency. Ensure the contrast ratio between the text and background are at least 3:1.",
			"runner": "htmlcs",
			"recurrence": 0
		},
		{
			"context": "<mark class=\"gVptAY Mark__StyledMark-gattner-corporate__sc-kbppif-0\">Simon Gattner</mark>",
			"selector": "#root>:nth-child(1)>:nth-child(2)>:nth-child(1)>:nth-child(1)>:nth-child(1)>:nth-child(1)>:nth-child(1)>:nth-child(1)",
			"code": "WCAG2AA.Principle1.Guideline1_4.1_4_3.G145.Alpha",
			"type": "warning",
			"typeCode": 2,
			"message": "This element's text or background contains transparency. Ensure the contrast ratio between the text and background are at least 3:1.",
			"runner": "htmlcs",
			"recurrence": 0
		},
		{
			"context": "<p size=\"md\" class=\"Paragraph__StyledParagraph-gattner-corporate__sc-pfsh1-0 jqSWAN\">If you are striving for success ...</p>",
			"selector": "#main>:nth-child(1)>:nth-child(1)>:nth-child(1)>:nth-child(3)>:nth-child(1)>:nth-child(1)",
			"code": "WCAG2AA.Principle1.Guideline1_4.1_4_3.G145.Alpha",
			"type": "warning",
			"typeCode": 2,
			"message": "This element's text or background contains transparency. Ensure the contrast ratio between the text and background are at least 3:1.",
			"runner": "htmlcs",
			"recurrence": 0
		},
		{
			"context": "<a class=\"bEyvsT styles__StyledNavLink-gattner-corporate__sc-199jze8-0\" data-testid=\"footer-menu-link-impressum\" title=\"Impressum\" href=\"/impressum\">Impressum</a>",
			"selector": "#footer>:nth-child(1)>:nth-child(1)>:nth-child(1)>:nth-child(2)>:nth-child(1)>:nth-child(1)",
			"code": "WCAG2AA.Principle1.Guideline1_4.1_4_3.G18.Alpha",
			"type": "warning",
			"typeCode": 2,
			"message": "This element's text or background contains transparency. Ensure the contrast ratio between the text and background are at least 4.5:1.",
			"runner": "htmlcs",
			"recurrence": 0
		},
		{
			"context": "<mark class=\"gVptAY Mark__StyledMark-gattner-corporate__sc-kbppif-0\">Full-Stack and Frontend</mark>",
			"selector": "#root>:nth-child(1)>:nth-child(2)>:nth-child(1)>:nth-child(1)>:nth-child(1)>:nth-child(1)>:nth-child(3)>:nth-child(1)>:nth-child(1)",
			"code": "WCAG2AA.Principle1.Guideline1_4.1_4_3.G18.Alpha",
			"type": "warning",
			"typeCode": 2,
			"message": "This element's text or background contains transparency. Ensure the contrast ratio between the text and background are at least 4.5:1.",
			"runner": "htmlcs",
			"recurrence": 0
		},
		{
			"context": "<mark class=\"gVptAY Mark__StyledMark-gattner-corporate__sc-kbppif-0\">development</mark>",
			"selector": "#root>:nth-child(1)>:nth-child(2)>:nth-child(1)>:nth-child(1)>:nth-child(1)>:nth-child(1)>:nth-child(3)>:nth-child(1)>:nth-child(2)",
			"code": "WCAG2AA.Principle1.Guideline1_4.1_4_3.G18.Alpha",
			"type": "warning",
			"typeCode": 2,
			"message": "This element's text or background contains transparency. Ensure the contrast ratio between the text and background are at least 4.5:1.",
			"runner": "htmlcs",
			"recurrence": 0
		},
		{
			"context": "<a class=\"bEyvsT styles__StyledNavLink-gattner-corporate__sc-199jze8-0\" data-testid=\"header-nav-link-home\" title=\"Home\" href=\"/\">Home</a>",
			"selector": "#nav>:nth-child(1)>:nth-child(1)>:nth-child(1)",
			"code": "WCAG2AA.Principle1.Guideline1_4.1_4_3.G18.Alpha",
			"type": "warning",
			"typeCode": 2,
			"message": "This element's text or background contains transparency. Ensure the contrast ratio between the text and background are at least 4.5:1.",
			"runner": "htmlcs",
			"recurrence": 0
		},
		{
			"context": "<span data-testid=\"header-nav-link-about\" title=\"About\" class=\"bXsfVW styles__StyledActiveNavLink-gattner-corporate__sc-199jze8-2\">About</span>",
			"selector": "#nav>:nth-child(1)>:nth-child(2)>:nth-child(1)",
			"code": "WCAG2AA.Principle1.Guideline1_4.1_4_3.G145.Alpha",
			"type": "warning",
			"typeCode": 2,
			"message": "This element's text or background contains transparency. Ensure the contrast ratio between the text and background are at least 3:1.",
			"runner": "htmlcs",
			"recurrence": 0
		},
		{
			"context": "<a class=\"bEyvsT styles__StyledNavLink-gattner-corporate__sc-199jze8-0\" data-testid=\"header-nav-link-contact\" title=\"Contact\" href=\"/contact\">Contact</a>",
			"selector": "#nav>:nth-child(1)>:nth-child(3)>:nth-child(1)",
			"code": "WCAG2AA.Principle1.Guideline1_4.1_4_3.G18.Alpha",
			"type": "warning",
			"typeCode": 2,
			"message": "This element's text or background contains transparency. Ensure the contrast ratio between the text and background are at least 4.5:1.",
			"runner": "htmlcs",
			"recurrence": 0
		},
		{
			"context": "<p size=\"md\" class=\"Paragraph__StyledParagraph-gattner-corporate__sc-pfsh1-0 jqSWAN\">I help bring your digital projec...</p>",
			"selector": "#main>:nth-child(1)>:nth-child(1)>:nth-child(1)>:nth-child(2)>:nth-child(1)>:nth-child(1)>:nth-child(1)",
			"code": "WCAG2AA.Principle1.Guideline1_4.1_4_3.G145.Alpha",
			"type": "warning",
			"typeCode": 2,
			"message": "This element's text or background contains transparency. Ensure the contrast ratio between the text and background are at least 3:1.",
			"runner": "htmlcs",
			"recurrence": 0
		},
		{
			"context": "<span class=\"SrOnly__StyledText-gattner-corporate__sc-1yr9kz-0 hYKiSG\">Call me with +49.1575.2564223</span>",
			"selector": "#main>:nth-child(1)>:nth-child(1)>:nth-child(1)>:nth-child(12)>:nth-child(1)>:nth-child(1)>:nth-child(1)",
			"code": "WCAG2AA.Principle1.Guideline1_4.1_4_3.G18.Alpha",
			"type": "warning",
			"typeCode": 2,
			"message": "This element's text or background contains transparency. Ensure the contrast ratio between the text and background are at least 4.5:1.",
			"runner": "htmlcs",
			"recurrence": 0
		},
		{
			"context": "<span aria-hidden=\"true\">+49.1575.2564223</span>",
			"selector": "#main>:nth-child(1)>:nth-child(1)>:nth-child(1)>:nth-child(12)>:nth-child(1)>:nth-child(1)>:nth-child(2)",
			"code": "WCAG2AA.Principle1.Guideline1_4.1_4_3.G18.Alpha",
			"type": "warning",
			"typeCode": 2,
			"message": "This element's text or background contains transparency. Ensure the contrast ratio between the text and background are at least 4.5:1.",
			"runner": "htmlcs",
			"recurrence": 0
		},
		{
			"context": "<span class=\"SrOnly__StyledText-gattner-corporate__sc-1yr9kz-0 hYKiSG\">Send me an email to simon[at]gat...</span>",
			"selector": "#main>:nth-child(1)>:nth-child(1)>:nth-child(1)>:nth-child(12)>:nth-child(2)>:nth-child(1)>:nth-child(1)",
			"code": "WCAG2AA.Principle1.Guideline1_4.1_4_3.G18.Alpha",
			"type": "warning",
			"typeCode": 2,
			"message": "This element's text or background contains transparency. Ensure the contrast ratio between the text and background are at least 4.5:1.",
			"runner": "htmlcs",
			"recurrence": 0
		},
		{
			"context": "<span aria-hidden=\"true\">simon[at]gattner.name</span>",
			"selector": "#main>:nth-child(1)>:nth-child(1)>:nth-child(1)>:nth-child(12)>:nth-child(2)>:nth-child(1)>:nth-child(2)",
			"code": "WCAG2AA.Principle1.Guideline1_4.1_4_3.G18.Alpha",
			"type": "warning",
			"typeCode": 2,
			"message": "This element's text or background contains transparency. Ensure the contrast ratio between the text and background are at least 4.5:1.",
			"runner": "htmlcs",
			"recurrence": 0
		},
		{
			"context": "<a class=\"bEyvsT styles__StyledNavLink-gattner-corporate__sc-199jze8-0\" data-testid=\"footer-menu-link-contact\" title=\"Contact\" href=\"/contact\">Contact</a>",
			"selector": "#footer>:nth-child(1)>:nth-child(1)>:nth-child(1)>:nth-child(2)>:nth-child(2)>:nth-child(1)>:nth-child(1)",
			"code": "WCAG2AA.Principle1.Guideline1_4.1_4_3.G18.Alpha",
			"type": "warning",
			"typeCode": 2,
			"message": "This element's text or background contains transparency. Ensure the contrast ratio between the text and background are at least 4.5:1.",
			"runner": "htmlcs",
			"recurrence": 0
		},
		{
			"context": "<span class=\"SrOnly__StyledText-gattner-corporate__sc-1yr9kz-0 hYKiSG\">Contact me on LinkedIn</span>",
			"selector": "#main>:nth-child(1)>:nth-child(1)>:nth-child(1)>:nth-child(12)>:nth-child(4)>:nth-child(1)>:nth-child(1)>:nth-child(1)",
			"code": "WCAG2AA.Principle1.Guideline1_4.1_4_3.G18.Alpha",
			"type": "warning",
			"typeCode": 2,
			"message": "This element's text or background contains transparency. Ensure the contrast ratio between the text and background are at least 4.5:1.",
			"runner": "htmlcs",
			"recurrence": 0
		},
		{
			"context": "<span aria-hidden=\"true\">Linkedin</span>",
			"selector": "#main>:nth-child(1)>:nth-child(1)>:nth-child(1)>:nth-child(12)>:nth-child(4)>:nth-child(1)>:nth-child(1)>:nth-child(2)",
			"code": "WCAG2AA.Principle1.Guideline1_4.1_4_3.G18.Alpha",
			"type": "warning",
			"typeCode": 2,
			"message": "This element's text or background contains transparency. Ensure the contrast ratio between the text and background are at least 4.5:1.",
			"runner": "htmlcs",
			"recurrence": 0
		},
		{
			"context": "<span class=\"SrOnly__StyledText-gattner-corporate__sc-1yr9kz-0 hYKiSG\">Contact me on Xing</span>",
			"selector": "#main>:nth-child(1)>:nth-child(1)>:nth-child(1)>:nth-child(12)>:nth-child(4)>:nth-child(2)>:nth-child(1)>:nth-child(1)",
			"code": "WCAG2AA.Principle1.Guideline1_4.1_4_3.G18.Alpha",
			"type": "warning",
			"typeCode": 2,
			"message": "This element's text or background contains transparency. Ensure the contrast ratio between the text and background are at least 4.5:1.",
			"runner": "htmlcs",
			"recurrence": 0
		},
		{
			"context": "<span aria-hidden=\"true\">Xing</span>",
			"selector": "#main>:nth-child(1)>:nth-child(1)>:nth-child(1)>:nth-child(12)>:nth-child(4)>:nth-child(2)>:nth-child(1)>:nth-child(2)",
			"code": "WCAG2AA.Principle1.Guideline1_4.1_4_3.G18.Alpha",
			"type": "warning",
			"typeCode": 2,
			"message": "This element's text or background contains transparency. Ensure the contrast ratio between the text and background are at least 4.5:1.",
			"runner": "htmlcs",
			"recurrence": 0
		},
		{
			"context": "<span class=\"SrOnly__StyledText-gattner-corporate__sc-1yr9kz-0 hYKiSG\">Contact me on Mastodon</span>",
			"selector": "#main>:nth-child(1)>:nth-child(1)>:nth-child(1)>:nth-child(12)>:nth-child(4)>:nth-child(3)>:nth-child(1)>:nth-child(1)",
			"code": "WCAG2AA.Principle1.Guideline1_4.1_4_3.G18.Alpha",
			"type": "warning",
			"typeCode": 2,
			"message": "This element's text or background contains transparency. Ensure the contrast ratio between the text and background are at least 4.5:1.",
			"runner": "htmlcs",
			"recurrence": 0
		},
		{
			"context": "<span aria-hidden=\"true\">Mastodon</span>",
			"selector": "#main>:nth-child(1)>:nth-child(1)>:nth-child(1)>:nth-child(12)>:nth-child(4)>:nth-child(3)>:nth-child(1)>:nth-child(2)",
			"code": "WCAG2AA.Principle1.Guideline1_4.1_4_3.G18.Alpha",
			"type": "warning",
			"typeCode": 2,
			"message": "This element's text or background contains transparency. Ensure the contrast ratio between the text and background are at least 4.5:1.",
			"runner": "htmlcs",
			"recurrence": 0
		},
		{
			"context": "<p size=\"md\" aria-label=\"phone\" class=\"Paragraph__StyledParagraph-gattner-corporate__sc-pfsh1-0 jqSWAN\"><a href=\"tel:+4915752564223\" tit...</p>",
			"selector": "#main>:nth-child(1)>:nth-child(1)>:nth-child(1)>:nth-child(12)>:nth-child(1)",
			"code": "aria-allowed-attr",
			"type": "warning",
			"typeCode": 2,
			"message": "Elements must only use allowed ARIA attributes",
			"runner": "axe",
			"runnerExtras": {
				"description": "Ensures ARIA attributes are allowed for an element's role",
				"impact": "serious",
				"helpUrl": "https://dequeuniversity.com/rules/axe/4.6/aria-allowed-attr?application=axeAPI"
			},
			"recurrence": 0
		},
		{
			"context": "<p size=\"md\" aria-label=\"mail\" class=\"Paragraph__StyledParagraph-gattner-corporate__sc-pfsh1-0 jqSWAN\"><a href=\"mailto:simon[at]gattner...</p>",
			"selector": "#main>:nth-child(1)>:nth-child(1)>:nth-child(1)>:nth-child(12)>:nth-child(2)",
			"code": "aria-allowed-attr",
			"type": "warning",
			"typeCode": 2,
			"message": "Elements must only use allowed ARIA attributes",
			"runner": "axe",
			"runnerExtras": {
				"description": "Ensures ARIA attributes are allowed for an element's role",
				"impact": "serious",
				"helpUrl": "https://dequeuniversity.com/rules/axe/4.6/aria-allowed-attr?application=axeAPI"
			},
			"recurrence": 0
		}
	],
	"meta": {
		"errorCount": 0,
		"warningCount": 35,
		"noticeCount": 0,
		"accessScore": 100
	},
	"automateable": {
		"missingAltIndexs": []
	}
}
