{
	"documentTitle": "Contact - Simon Gattner - Full-Stack and Frontend development",
	"pageUrl": "https://www.gattner.name/contact",
	"issues": [
		{
			"context": "<a title=\"Skip to main content\" href=\"#main\" data-testid=\"skip-nav-main\" tabindex=\"0\" class=\"csGuEx SkipNav__StyledLink-gattner-corporate__sc-pkl5du-0\">Skip to main content</a>",
			"selector": "#root>:nth-child(1)>:nth-child(1)>:nth-child(1)>:nth-child(1)>:nth-child(1)",
			"code": "WCAG2AA.Principle1.Guideline1_4.1_4_3.G18.Alpha",
			"type": "warning",
			"typeCode": 2,
			"message": "This element's text or background contains transparency. Ensure the contrast ratio between the text and background are at least 4.5:1.",
			"runner": "htmlcs",
			"recurrence": 0
		},
		{
			"context": "<a title=\"Skip to navigation\" href=\"#nav\" data-testid=\"skip-nav-nav\" tabindex=\"0\" class=\"csGuEx SkipNav__StyledLink-gattner-corporate__sc-pkl5du-0\">Skip to navigation</a>",
			"selector": "#root>:nth-child(1)>:nth-child(1)>:nth-child(1)>:nth-child(2)>:nth-child(1)",
			"code": "WCAG2AA.Principle1.Guideline1_4.1_4_3.G18.Alpha",
			"type": "warning",
			"typeCode": 2,
			"message": "This element's text or background contains transparency. Ensure the contrast ratio between the text and background are at least 4.5:1.",
			"runner": "htmlcs",
			"recurrence": 0
		},
		{
			"context": "<a title=\"Skip to footer\" href=\"#footer\" data-testid=\"skip-nav-footer\" tabindex=\"0\" class=\"csGuEx SkipNav__StyledLink-gattner-corporate__sc-pkl5du-0\">Skip to footer</a>",
			"selector": "#root>:nth-child(1)>:nth-child(1)>:nth-child(1)>:nth-child(3)>:nth-child(1)",
			"code": "WCAG2AA.Principle1.Guideline1_4.1_4_3.G18.Alpha",
			"type": "warning",
			"typeCode": 2,
			"message": "This element's text or background contains transparency. Ensure the contrast ratio between the text and background are at least 4.5:1.",
			"runner": "htmlcs",
			"recurrence": 0
		},
		{
			"context": "<p size=\"md\" class=\"Paragraph__StyledParagraph-gattner-corporate__sc-pfsh1-0 jqSWAN\">You can hire me as a freelancer ...</p>",
			"selector": "#main>:nth-child(1)>:nth-child(1)>:nth-child(1)>:nth-child(3)",
			"code": "WCAG2AA.Principle1.Guideline1_4.1_4_3.G18.Alpha",
			"type": "warning",
			"typeCode": 2,
			"message": "This element's text or background contains transparency. Ensure the contrast ratio between the text and background are at least 4.5:1.",
			"runner": "htmlcs",
			"recurrence": 0
		},
		{
			"context": "<p size=\"md\" class=\"Paragraph__StyledParagraph-gattner-corporate__sc-pfsh1-0 jqSWAN\">If you have a digital project in...</p>",
			"selector": "#main>:nth-child(1)>:nth-child(1)>:nth-child(1)>:nth-child(4)",
			"code": "WCAG2AA.Principle1.Guideline1_4.1_4_3.G18.Alpha",
			"type": "warning",
			"typeCode": 2,
			"message": "This element's text or background contains transparency. Ensure the contrast ratio between the text and background are at least 4.5:1.",
			"runner": "htmlcs",
			"recurrence": 0
		},
		{
			"context": "<span class=\"hYKiSG SrOnly__StyledText-gattner-corporate__sc-1yr9kz-0\">Contact</span>",
			"selector": "#main>:nth-child(1)>:nth-child(1)>:nth-child(1)>:nth-child(1)>:nth-child(1)",
			"code": "WCAG2AA.Principle1.Guideline1_4.1_4_3.G18.Alpha",
			"type": "warning",
			"typeCode": 2,
			"message": "This element's text or background contains transparency. Ensure the contrast ratio between the text and background are at least 4.5:1.",
			"runner": "htmlcs",
			"recurrence": 0
		},
		{
			"context": "<mark class=\"eUatmr Mark__StyledMark-gattner-corporate__sc-kbppif-0\">Simon Gattner</mark>",
			"selector": "#root>:nth-child(1)>:nth-child(2)>:nth-child(1)>:nth-child(1)>:nth-child(1)>:nth-child(1)>:nth-child(1)>:nth-child(1)",
			"code": "WCAG2AA.Principle1.Guideline1_4.1_4_3.G145.Alpha",
			"type": "warning",
			"typeCode": 2,
			"message": "This element's text or background contains transparency. Ensure the contrast ratio between the text and background are at least 3:1.",
			"runner": "htmlcs",
			"recurrence": 0
		},
		{
			"context": "<p size=\"md\" class=\"Paragraph__StyledParagraph-gattner-corporate__sc-pfsh1-0 jqSWAN\">Get in touch!</p>",
			"selector": "#main>:nth-child(1)>:nth-child(1)>:nth-child(1)>:nth-child(2)>:nth-child(1)>:nth-child(1)",
			"code": "WCAG2AA.Principle1.Guideline1_4.1_4_3.G145.Alpha",
			"type": "warning",
			"typeCode": 2,
			"message": "This element's text or background contains transparency. Ensure the contrast ratio between the text and background are at least 3:1.",
			"runner": "htmlcs",
			"recurrence": 0
		},
		{
			"context": "<a class=\"bEyvsT styles__StyledNavLink-gattner-corporate__sc-199jze8-0\" data-testid=\"footer-menu-link-impressum\" title=\"Impressum\" href=\"/impressum\">Impressum</a>",
			"selector": "#footer>:nth-child(1)>:nth-child(1)>:nth-child(1)>:nth-child(2)>:nth-child(1)>:nth-child(1)",
			"code": "WCAG2AA.Principle1.Guideline1_4.1_4_3.G18.Alpha",
			"type": "warning",
			"typeCode": 2,
			"message": "This element's text or background contains transparency. Ensure the contrast ratio between the text and background are at least 4.5:1.",
			"runner": "htmlcs",
			"recurrence": 0
		},
		{
			"context": "<mark class=\"eUatmr Mark__StyledMark-gattner-corporate__sc-kbppif-0\">Full-Stack and Frontend</mark>",
			"selector": "#root>:nth-child(1)>:nth-child(2)>:nth-child(1)>:nth-child(1)>:nth-child(1)>:nth-child(1)>:nth-child(3)>:nth-child(1)>:nth-child(1)",
			"code": "WCAG2AA.Principle1.Guideline1_4.1_4_3.G18.Alpha",
			"type": "warning",
			"typeCode": 2,
			"message": "This element's text or background contains transparency. Ensure the contrast ratio between the text and background are at least 4.5:1.",
			"runner": "htmlcs",
			"recurrence": 0
		},
		{
			"context": "<mark class=\"eUatmr Mark__StyledMark-gattner-corporate__sc-kbppif-0\">development</mark>",
			"selector": "#root>:nth-child(1)>:nth-child(2)>:nth-child(1)>:nth-child(1)>:nth-child(1)>:nth-child(1)>:nth-child(3)>:nth-child(1)>:nth-child(2)",
			"code": "WCAG2AA.Principle1.Guideline1_4.1_4_3.G18.Alpha",
			"type": "warning",
			"typeCode": 2,
			"message": "This element's text or background contains transparency. Ensure the contrast ratio between the text and background are at least 4.5:1.",
			"runner": "htmlcs",
			"recurrence": 0
		},
		{
			"context": "<a class=\"bEyvsT styles__StyledNavLink-gattner-corporate__sc-199jze8-0\" data-testid=\"header-nav-link-home\" title=\"Home\" href=\"/\">Home</a>",
			"selector": "#nav>:nth-child(1)>:nth-child(1)>:nth-child(1)",
			"code": "WCAG2AA.Principle1.Guideline1_4.1_4_3.G18.Alpha",
			"type": "warning",
			"typeCode": 2,
			"message": "This element's text or background contains transparency. Ensure the contrast ratio between the text and background are at least 4.5:1.",
			"runner": "htmlcs",
			"recurrence": 0
		},
		{
			"context": "<a class=\"bEyvsT styles__StyledNavLink-gattner-corporate__sc-199jze8-0\" data-testid=\"header-nav-link-about\" title=\"About\" href=\"/about\">About</a>",
			"selector": "#nav>:nth-child(1)>:nth-child(2)>:nth-child(1)",
			"code": "WCAG2AA.Principle1.Guideline1_4.1_4_3.G18.Alpha",
			"type": "warning",
			"typeCode": 2,
			"message": "This element's text or background contains transparency. Ensure the contrast ratio between the text and background are at least 4.5:1.",
			"runner": "htmlcs",
			"recurrence": 0
		},
		{
			"context": "<span data-testid=\"header-nav-link-contact\" title=\"Contact\" class=\"bXsfVW styles__StyledActiveNavLink-gattner-corporate__sc-199jze8-2\">Contact</span>",
			"selector": "#nav>:nth-child(1)>:nth-child(3)>:nth-child(1)",
			"code": "WCAG2AA.Principle1.Guideline1_4.1_4_3.G145.Alpha",
			"type": "warning",
			"typeCode": 2,
			"message": "This element's text or background contains transparency. Ensure the contrast ratio between the text and background are at least 3:1.",
			"runner": "htmlcs",
			"recurrence": 0
		},
		{
			"context": "<span class=\"SrOnly__StyledText-gattner-corporate__sc-1yr9kz-0 hYKiSG\">Call me with +49.1575.2564223</span>",
			"selector": "#main>:nth-child(1)>:nth-child(1)>:nth-child(1)>:nth-child(6)>:nth-child(1)>:nth-child(1)>:nth-child(1)",
			"code": "WCAG2AA.Principle1.Guideline1_4.1_4_3.G18.Alpha",
			"type": "warning",
			"typeCode": 2,
			"message": "This element's text or background contains transparency. Ensure the contrast ratio between the text and background are at least 4.5:1.",
			"runner": "htmlcs",
			"recurrence": 0
		},
		{
			"context": "<span aria-hidden=\"true\">+49.1575.2564223</span>",
			"selector": "#main>:nth-child(1)>:nth-child(1)>:nth-child(1)>:nth-child(6)>:nth-child(1)>:nth-child(1)>:nth-child(2)",
			"code": "WCAG2AA.Principle1.Guideline1_4.1_4_3.G18.Alpha",
			"type": "warning",
			"typeCode": 2,
			"message": "This element's text or background contains transparency. Ensure the contrast ratio between the text and background are at least 4.5:1.",
			"runner": "htmlcs",
			"recurrence": 0
		},
		{
			"context": "<span class=\"SrOnly__StyledText-gattner-corporate__sc-1yr9kz-0 hYKiSG\">Send me an email to simon[at]gat...</span>",
			"selector": "#main>:nth-child(1)>:nth-child(1)>:nth-child(1)>:nth-child(6)>:nth-child(2)>:nth-child(1)>:nth-child(1)",
			"code": "WCAG2AA.Principle1.Guideline1_4.1_4_3.G18.Alpha",
			"type": "warning",
			"typeCode": 2,
			"message": "This element's text or background contains transparency. Ensure the contrast ratio between the text and background are at least 4.5:1.",
			"runner": "htmlcs",
			"recurrence": 0
		},
		{
			"context": "<span aria-hidden=\"true\">simon[at]gattner.name</span>",
			"selector": "#main>:nth-child(1)>:nth-child(1)>:nth-child(1)>:nth-child(6)>:nth-child(2)>:nth-child(1)>:nth-child(2)",
			"code": "WCAG2AA.Principle1.Guideline1_4.1_4_3.G18.Alpha",
			"type": "warning",
			"typeCode": 2,
			"message": "This element's text or background contains transparency. Ensure the contrast ratio between the text and background are at least 4.5:1.",
			"runner": "htmlcs",
			"recurrence": 0
		},
		{
			"context": "<span data-testid=\"footer-menu-link-contact\" title=\"Contact\" class=\"bXsfVW styles__StyledActiveNavLink-gattner-corporate__sc-199jze8-2\">Contact</span>",
			"selector": "#footer>:nth-child(1)>:nth-child(1)>:nth-child(1)>:nth-child(2)>:nth-child(2)>:nth-child(1)>:nth-child(1)",
			"code": "WCAG2AA.Principle1.Guideline1_4.1_4_3.G18.Alpha",
			"type": "warning",
			"typeCode": 2,
			"message": "This element's text or background contains transparency. Ensure the contrast ratio between the text and background are at least 4.5:1.",
			"runner": "htmlcs",
			"recurrence": 0
		},
		{
			"context": "<span class=\"SrOnly__StyledText-gattner-corporate__sc-1yr9kz-0 hYKiSG\">Contact me on LinkedIn</span>",
			"selector": "#main>:nth-child(1)>:nth-child(1)>:nth-child(1)>:nth-child(6)>:nth-child(4)>:nth-child(1)>:nth-child(1)>:nth-child(1)",
			"code": "WCAG2AA.Principle1.Guideline1_4.1_4_3.G18.Alpha",
			"type": "warning",
			"typeCode": 2,
			"message": "This element's text or background contains transparency. Ensure the contrast ratio between the text and background are at least 4.5:1.",
			"runner": "htmlcs",
			"recurrence": 0
		},
		{
			"context": "<span aria-hidden=\"true\">LinkedIn</span>",
			"selector": "#main>:nth-child(1)>:nth-child(1)>:nth-child(1)>:nth-child(6)>:nth-child(4)>:nth-child(1)>:nth-child(1)>:nth-child(2)",
			"code": "WCAG2AA.Principle1.Guideline1_4.1_4_3.G18.Alpha",
			"type": "warning",
			"typeCode": 2,
			"message": "This element's text or background contains transparency. Ensure the contrast ratio between the text and background are at least 4.5:1.",
			"runner": "htmlcs",
			"recurrence": 0
		},
		{
			"context": "<span class=\"SrOnly__StyledText-gattner-corporate__sc-1yr9kz-0 hYKiSG\">Contact me on Xing</span>",
			"selector": "#main>:nth-child(1)>:nth-child(1)>:nth-child(1)>:nth-child(6)>:nth-child(4)>:nth-child(2)>:nth-child(1)>:nth-child(1)",
			"code": "WCAG2AA.Principle1.Guideline1_4.1_4_3.G18.Alpha",
			"type": "warning",
			"typeCode": 2,
			"message": "This element's text or background contains transparency. Ensure the contrast ratio between the text and background are at least 4.5:1.",
			"runner": "htmlcs",
			"recurrence": 0
		},
		{
			"context": "<span aria-hidden=\"true\">Xing</span>",
			"selector": "#main>:nth-child(1)>:nth-child(1)>:nth-child(1)>:nth-child(6)>:nth-child(4)>:nth-child(2)>:nth-child(1)>:nth-child(2)",
			"code": "WCAG2AA.Principle1.Guideline1_4.1_4_3.G18.Alpha",
			"type": "warning",
			"typeCode": 2,
			"message": "This element's text or background contains transparency. Ensure the contrast ratio between the text and background are at least 4.5:1.",
			"runner": "htmlcs",
			"recurrence": 0
		},
		{
			"context": "<span class=\"SrOnly__StyledText-gattner-corporate__sc-1yr9kz-0 hYKiSG\">Contact me on Mastodon</span>",
			"selector": "#main>:nth-child(1)>:nth-child(1)>:nth-child(1)>:nth-child(6)>:nth-child(4)>:nth-child(3)>:nth-child(1)>:nth-child(1)",
			"code": "WCAG2AA.Principle1.Guideline1_4.1_4_3.G18.Alpha",
			"type": "warning",
			"typeCode": 2,
			"message": "This element's text or background contains transparency. Ensure the contrast ratio between the text and background are at least 4.5:1.",
			"runner": "htmlcs",
			"recurrence": 0
		},
		{
			"context": "<span aria-hidden=\"true\">Mastodon</span>",
			"selector": "#main>:nth-child(1)>:nth-child(1)>:nth-child(1)>:nth-child(6)>:nth-child(4)>:nth-child(3)>:nth-child(1)>:nth-child(2)",
			"code": "WCAG2AA.Principle1.Guideline1_4.1_4_3.G18.Alpha",
			"type": "warning",
			"typeCode": 2,
			"message": "This element's text or background contains transparency. Ensure the contrast ratio between the text and background are at least 4.5:1.",
			"runner": "htmlcs",
			"recurrence": 0
		},
		{
			"context": "<p size=\"md\" aria-label=\"phone\" class=\"Paragraph__StyledParagraph-gattner-corporate__sc-pfsh1-0 jqSWAN\"><a href=\"tel:+4915752564223\" tit...</p>",
			"selector": "#main>:nth-child(1)>:nth-child(1)>:nth-child(1)>:nth-child(6)>:nth-child(1)",
			"code": "aria-allowed-attr",
			"type": "warning",
			"typeCode": 2,
			"message": "Elements must only use allowed ARIA attributes",
			"runner": "axe",
			"runnerExtras": {
				"description": "Ensures ARIA attributes are allowed for an element's role",
				"impact": "serious",
				"helpUrl": "https://dequeuniversity.com/rules/axe/4.6/aria-allowed-attr?application=axeAPI"
			},
			"recurrence": 0
		},
		{
			"context": "<p size=\"md\" aria-label=\"mail\" class=\"Paragraph__StyledParagraph-gattner-corporate__sc-pfsh1-0 jqSWAN\"><a href=\"mailto:simon[at]gattner...</p>",
			"selector": "#main>:nth-child(1)>:nth-child(1)>:nth-child(1)>:nth-child(6)>:nth-child(2)",
			"code": "aria-allowed-attr",
			"type": "warning",
			"typeCode": 2,
			"message": "Elements must only use allowed ARIA attributes",
			"runner": "axe",
			"runnerExtras": {
				"description": "Ensures ARIA attributes are allowed for an element's role",
				"impact": "serious",
				"helpUrl": "https://dequeuniversity.com/rules/axe/4.6/aria-allowed-attr?application=axeAPI"
			},
			"recurrence": 0
		}
	],
	"meta": {
		"errorCount": 0,
		"warningCount": 27,
		"noticeCount": 0,
		"accessScore": 100
	},
	"automateable": {
		"missingAltIndexs": []
	}
}
